CurrentlyListed,Name,RFMOName,IMO,NNR,VesselType,GearType,Flag,IRCS,MMSI,GT,DWT,Length,YearOfBuild,Depth,BuiltIn,OwnerName,OperatorName,VesselStatus,IOTC,Reason,ICCAT,Reason,IATTC,Reason,WCPFC,Reason,CCAMLR,Reason,SEAFO,Reason,INTERPOL,Reason,NEAFC,Reason,NAFO,Reason,SPRFMO,Reason,CCSBT,Reason,GFCM,Reason,NPFC,Reason,SIOFA,Reason
True,ABDI BABA 1,Sharon 1,8692299,,Fishing Vessel,Purse seine,Unknown,,,143.000,,28.780,197401,4.000,Venezuela,Trade & Trade Yachting Ltd,Trade & Trade Yachting Ltd,In Service/Commission,,,2008-11-24 - ,Use of fraudulent documentation,,,,,,,,,,,,,,,,,,,2014-05 - ,,,,,
True,ABUNDANT 1,ABUNDANT 1 (YI HONG 06),,,,,,CPA 226,,,,,,,,Huang Jia Yi,Hatto Daroi,,2015-05-01 - ,Operating in the IOTC area without authorisation,2015-10-02 - ,Following IOTC,,,,,,,,,,,,,,,,,,,,,,,,
True,ABUNDANT 12,ABUNDANT 12 (YI HONG 106),,,,,,CPA202,,,,,,,,Huang Jia Yi,Mendez Francisco Delos Reyes,,2015-05-01 - ,Operating in the IOTC area without authorisation,2015-10-02 - ,Following IOTC,,,,,,,,,,,,,,,,,,,,,,,,
True,ABUNDANT 3,ABUNDANT 3 (YI HONG 16),,,,,,CPA201,,,,,,,,Huang Jia Yi,Huang Wen Hsin,,2015-05-01 - ,Operating in the IOTC area without authorisation,2015-10-02 - ,Following IOTC,,,,,,,,,,,,,,,,,,,,,,,,
True,ABUNDANT 6,ABUNDANT 6 (YI HONG 86),,,Fishing Vessel,Longline,,CPA221,,,,,,,,Huang Jia Yi,Huang Wen Hsin,,2017-05 - ,Operating in the IOTC area without authorisation,2017-07-15 - ,Following IOTC,,,,,,,,,,,,,,,,,,,,,,,,
True,ABUNDANT 9,ABUNDANT 9 (YI HONG 116),,,,,,CPA222,,,,,,,,Huang Jia Yi,Pan Chao Mao,,2015-05-01 - ,Operating in the IOTC area without authorisation,2015-10-02 - ,Following IOTC,,,,,,,,,,,,,,,,,,,,,,,,
True,ACROS NO. 2,Acros No. 2,7379345,,Fishing Vessel,,Guinea,,,284.000,343,48.240,,3.610,"Kanasashi Heavy Industries Co Ltd (Shimizu, Shizuoka , Japan)",Infitco Ltd,Infitco Ltd,In Service/commission,,,2006-11-26 - ,Vessels greater than 24m not included in ICCAT Record of Vessels. Seen fishing in the MED during closed season,,,,,,,,,,,,,,,,,,,2014-05 - ,,,,,
True,"AL WESAM 2, ALWESAM 2",CHAINAVEE 55,8692342,,Fishing Vessel,,Somalia,,,395.260,,45.000,199610,5.500,Thailand,"Marine Renown SARL, Vichai Sangsukiam",Vichai Sangsukiam,In Service/Commission,2018-05 - ,Contravention of IOTC Resolution 17/03,,,,,,,,,,,,,,,,,,,,,,,,,,
True,"AL WESAM 4, ALWESAM 4",CHAICHANACHOKE 8,,,Fishing Vessel,Trawls,Somalia,,,332.000,,39.500,,4.800,,Marine Renown SARL,,,2018-05 - ,Contravention of IOTC Resolution 17/03,,,,,,,,,,,,,,,,,,,,,,,,,,
True,"AL WESAM 5, ALWESAM 5",CHAINAVEE 54,,,Stern Trawler,,Somalia,,,384.050,,40.000,,4.000,,Marine Renown SARL,,,2018-05 - ,Contravention of IOTC Resolution 17/03,,,,,,,,,,,,,,,,,,,,,,,,,,
True,AL'AMIR MUHAMMAD,,,,Fishing Vessel,,Egypt,,,,,,,,,,,,,,,,,,,,,,,,,,,,,,,,,,2018-07 - ,IUU fishing in the Strait of Sicily,,,,
True,ALBORAN II,Alboran II,7306570,37213PEX1,Fishing Vessel,,Panama,,,252.000,129,31.250,197404,3.750,"Sociedad Metalurgica Duro Felguera - Gijon Yard/hull No.: 97, Spain",Redfin Investments SA,Redfin Investments SA,Total Loss,,,,,,,,,,,2008-03-18 - ,,,,2008-03-18 - ,,2008-08-04 - ,,,,,,2014-05 - ,,,,,
False,ALFA,Alfa,7436533,C-00951,Reefer,,Georgia,4LPN,,669.000,518,55.020,197403,5.190,"Khabarovskiy Sudostroitelnyy Zavod im Kirova - Khabarovsk Yard/hull No.: 807, U.S.S.R.",Stratford Vale Corp,JSC Fishery Group,Total Loss,,,,,,,,,,,2007-10-31 - 2009-11-13,,,,2007-06-12 - 2009-11-13,OBS by NOR TRA in RA SCH 07/37,2008-01-05 - 2009-11-13,,,,,,,,,,,
True,"ALWESAM 1, AL WESAM 1",SUPPHERMNAVEE 21,8692354,,Fishing Vessel,Trawls,Somalia,,,430.000,,46.000,201001,4.100,Thailand,"Vichai Sangsukiam, Marine Renown SARL",Vichai Sangsukiam,In Service/Commission,2018-05 - ,Contravention of IOTC Resolution 17/03,,,,,,,,,,,,,,,,,,,,,,,,,,
True,AMORINN,Amorinn,7036345,,Fishing Vessel,,Unknown,,,530.000,411,54.240,,3.750,"Niigata Engineering Co Ltd - Niigata NI Yard/hull No.: 866, Japan",Rptd Sold Undisclosed Interest,Rptd Sold Undisclosed Interest,In Service/commission,,,,,,,,,2003-11-07 - ,Inside Division 58.4.2,2007-10-31 - ,,,,,,,,,,,,2014-05 - ,,,,,
True,ANEKA 228,Aneka 228,,,,,,,,,,,,,,,,,2015-05-01 - ,Operating in the IOTC area without authorisation,2015-10-02 - ,Following IOTC,,,,,,,,,,,,,,,,,,,,,,,,
True,ANTONY,Antony,7236634,,Fishing Vessel,,Unknown,,,346.000,347,50.400,197200,3.610,"Miho Zosensho K.K. Shimizu, Japan",World Oceans Fishing SL,World Oceans Fishing SL,In Service/commission,,,,,,,,,2016-10-28 - ,Supporting IUU listed vessels,2016 - ,From CCAMLR,,,,,,,,,,,,,,,,
False,AQUARUS,Aquarus,,,,,St. Vincent and the Grenadines,,,,,,,,,,,,,,2004-11-21 - 2006-11-26,,,,,,,,,,,,,,,,,,,,,,,,,
True,AROGYA ANNAI,BEO HINGIS,,,Fishing Vessel,Lines unspecified,India,,,,,,,,,Siraj,,,2017-05 - ,Fishing without a license in the waters of the UK (OT),2017-07-15 - ,Following IOTC,,,,,,,,,,,,,,,,,,,,,,,,
True,ASIAN WARRIOR,ASIAN WARRIOR,7322897,,Fishing Vessel,,St. Vincent and the Grenadines,J8B5336,,656.000,,48.210,197305,3.610,"Kanasashi Heavy Industries Co Ltd (Shimizu, Shizuoka , Japan)",H Mountain Overseas SA Panama,Rptd Sold Undisclosed Interest,In Service/commission,2015-05-01 - ,,2015-10-02 - ,Following IOTC,,,,,2003-11-07 - ,Inside Division 58.5.2,2007-10-31 - ,,2015-01-21 - ,Illegal fishing,,,,,,,,,2014-05 - ,,,,,
False,ATLANTIC GLORY,TS Elegance,8919403,011021791,Fishing Vessel,Purse seine,Belize,V3PB8,312864000,2109.000,1650,79.800,199104,8.900,"Huelva S.A., Astilleros De, Spain",Zhong Gha Foods Co Ltd,Africa Star Fisheries Ltd,In Service/commission,2005-06-03 - 2006-05-26,Contravention of IOTC Resolution 02/04,,,,,,,,,,,,,,,,,,,,,,,,,,
False,ATLANTIC PRINCE,TS Emerald,8919415,,Fishing Vessel,Purse seine,Belize,V3PG8,312867000,2109.000,1650,79.800,199107,8.900,"Huelva S.A., Astilleros De, Spain",Zhong Gha Foods Co Ltd,Africa Star Fisheries Ltd,In Service/commission,2005-06-03 - 2006-05-26,Contravention of IOTC Resolution 02/04,,,,,,,,,,,,,,,,,,,,,,,,,,
False,ATLANTIC QUEEN,TS Prosperity,9223227,"316640, GSR 0179, AFT 84",Fishing Vessel,Purse seine,Ghana,9GHE,627179000,1664.000,1566,72.530,200007,5.700,"Niigata Shipbuilding & Repair Inc, Japan",Zhong Gha Foods Co Ltd,"Africa Star Fisheries Ltd, Zhong Gha Foods Co Ltd",In Service/commission,2005-06-03 - 2006-05-26,Contravention of IOTC Resolution 02/04,,,,,,,,,,,,,,,,,,,,,,,,,,
True,ATLANTIC WIND,ATLANTIC WIND,9042001,,Fishing Vessel,Gillnets,Curacao,PJBN,306020000,851.000,652,61.720,199012,4.170,"Dae Sun Shipbuilding & Engineering Co (Busan , Korea, South), Korea, South",Bright Future Invest NV,,In Service/commission,2015-05-01 - ,,2015-10-02 - ,,,,,,2004-11-05 - ,"Fishing inside Division 58.4.3b; Inside Division 58.4.3a; Fishing inside Division 58.4.3a; Undocumented landing, Malaysia",2007-10-31 - ,,2015-01-21 - ,Illegal fishing,,,,,,,,,2014-05 - ,,,,,
False,AVIOR,Avior,7612321,M-00890,Reefer,,Georgia,4LIJ,,673.000,518,55.000,197512,5.160,"Khabarovskiy Sudostroitelnyy Zavod im Kirova - Khabarovsk Yard/hull No.: 808, U.S.S.R.",ArdiStelo Ltd (OOO 'ArdiStella'),ArdiStelo Ltd (OOO 'ArdiStella'),Broken Up,,,,,,,,,,,2007-10-31 - 2009-11-13,,,,2006-08-26 - 2009-11-13,1st OBS by NOR TRA in RA,2007-07-22 - 2009-11-13,,,,,,,,,,,
False,BALENA,Balena,,,,,Unknown,,,,,,,,,Long Bow Fishing Co Ltd,,,2010-03-05 - 2011-03-22,Contravention of IOTC Resolution 07/02 and 09/03,,,,,,,,,,,,,,,,,,,,,,,,,,
True,BAROON,Baroon,9037537,,Fishing Vessel,Longline,Unknown,,,616.000,,55.160,,3.750,"Kanasashi Heavy Industries Co Ltd, Japan",Vero Shipping Corporation,,In Service/commission,,,,,,,,,2007-11-02 - ,Inside Division 88.1; Fishing inside Division 58.4.1,2007-11-02 - ,,,,,,,,,,,,2014-05 - ,,,,,
True,BENAIAH,BENAIAH,,TN-2/FV01699/13,Fishing Vessel,"Longline, Gillnets",India,,,,,,,,,Raju,Chris Lukaj,,2017-05 - ,Fishing without a license in the waters of the UK (OT),2017-07-15 - ,Following IOTC,,,,,,,,,,,,,,,,,,,,,,,,
True,BERKAT MENJALA NO. 23,Berkat Menjala No. 23,8510271,,Fishing Vessel,Longline,Unknown,,,587.000,399,"50.500, 50.820",198509,3.710,"Niigata Shipbuilding and Repair, Niigata, Japan, Japan",Rptd Sold Undisclosed Interest,Rptd Sold Undisclosed Interest,In Service/commission,,,,,,,,,,,,,2014-01-21 - ,Absconded stateless fishing vessel,,,,,,,,,,,,,,
True,BHASKARA NO. 10,Bhaskara No. 10,,,,,Unknown,,,,,,,,,,,,,,2011-08-30 - ,E11-5762,2005-12-26 - ,,,,,,,,,,,,,,,,,,2014-05 - ,,,,,
True,BHASKARA NO. 9,Bhaskara No. 9,,,,,Unknown,,,,,,,,,,,,,,2011-08-30 - ,,2005-12-26 - ,,,,,,,,,,,,,,,,,,2014-05 - ,,,,,
False,BHINEKA,Bhineka,,,,,Indonesia,YGJY,,490.000,,43.700,,3.600,,,,,,,2011-08-30 - 2012-06-21,ref E11-5762,2005-12-26 - 2012-06-21,,,,,,,,,,,,,,,,,,,,,,,
True,"BIGEYE, BIG EYE",Bigeye,,SL/ITC/181104,,,Sierra Leone,FN003883,,,,,,,,MARIA FISHERY CO.LTD,,,,,2006-11-26 - ,"vessels had no VMS, suspected of having no tuna licence and of possible at-sea transhipments",,,,,,,,,,,,,,,,,,,2014-05 - ,,,,,
False,BINH MINH 02,Pavlovsk,8326319,VNSG-2101-KS,Research Survey Vessel,,Vietnam,3WYN,574756000,2319.000,721,62.260,198312,9.220,"VEB Volkswerft Stralsund - Stralsund Yard/hull No.: 628, German Democratic Republic",PetroVietnam Technical Services Corp (PTSC) (Cong Ty Dich Vu Ky Thuat Dau Khi),PTSC Geos & Subsea Services Co Ltd,Laid-Up,,,,,,,,,,,2007-10-31 - 2008-04-27,,,,2005-11-18 - 2008-03-27,,2007-02-18 - 2008-04-27,,,,,,,,,,,
False,BLUE OCEAN MARINE,Blue Ocean Marine,7826271,019921383,Fishing Vessel,,Belize,V3AF3,,2685.000,1741,84.990,198012,9.200,"Stocznia Polnocna SA (Northern Shipyard), Poland",Blue Ocean Marine Line SA,TS Marine Pte Ltd,Broken Up,2005-06-03 - 2007-05-18,"Contravention of IOTC Resolution 02/04, 02/05, 03/05",,,,,,,,,,,,,,,,,,,,,,,,,,
True,BRAVO,Bravo,,,,,Palau,T8AN3,,,,,,,,,,,,,2004-11-21 - ,"Sighting of tuna longliner in the Convention area, not on ICCAT Record of Vessels",,,,,,,,,,,,,,,,,,,2014-05 - ,,,,,
True,CAMELOT,Camelot,,,,,Unknown,,,,,,,,,,,,,,2011-08-30 - ,,2005-12-26 - ,,,,,,,,,,,,,,,,,,2014-05 - ,,,,,
True,CAPE FLOWER,,7330399,06142101027,Fishing Vessel,,Bolivia,CPB3000,720877000,873.000,,52.000,197311,5.620,Canada,Express Financial Ventures Group Inc,Express Financial Ventures Group Inc,In Service/commission,,,,,,,,,,,2017 - ,Fishing inside FAO Area 47/48,,,2018 - ,Following SEAFO,,,,,,,,,,,,
False,CARIBBEAN STAR NO. 31,Caribbean Star No. 31,,,,,Colombia,,,88.000,,31.390,1980,3.550,Rodriguez Boat Builders Inc.,Crystal Ocean Inc.,,,,,,,2010-10-13 - 2011-07-01,Not authorized to fish,,,,,,,,,,,,,,,,,,,,,,
False,CARIBE,Caribe,7351161,,Fishing Vessel,,Unknown,,,1580.000,1626,87.000,197501,8.410,"Soc. Esercizio Cant. S.p.A. - Viareggio Yard/hull No.: 615, Italy",Rptd Sold Undisclosed Interest,Rptd Sold Undisclosed Interest,In Service/commission,,,,,,,,,,,2007-10-31 - 2007-12-21,,,,2005-11-18 - 2007-11-16,,2007-02-18 - 2007-12-21,,,,,,,,,,,
True,CARLOS,Daniaa,7234014,002/DNMM/2003,Fishing Vessel,Longline,Guinea,3X07QMC,,312.000,,49.740,197209,3.660,"KK Kanasashi Zosen - Shimizu Yard/hull No.: 1082, Japan","Alpha Camara, Pesqueira Sao Tome Lda, SIPEM GUINEE SARL-PESQ.SAO TOME (ALPHA CAMARA)",Pesqueira Sao Tome Lda,In Service/commission,,,2008-11-24 - ,Bluefin tuna caught and exported without quota,,,,,,,,,,,,,,,,,,,2014-05 - ,,,,,
True,CARMAL MATHA,CARMAL MATHA,,TN-2/FV01675/13,Fishing Vessel,Lines unspecified,India,,,,,,,,,"Anthony J, s/o Joseph",Mr Antony,,2017-05 - ,Fishing without a license in the waters of the UK (OT),2017-07-15 - ,Following IOTC,,,,,,,,,,,,,,,,,,,,,,,,
False,CARMEN,Carmen,8522030,M-01037,Fishing Vessel,,,4LSK,,1898.000,690,62.260,198503,9.220,"VEB Volkswerft Stralsund - Stralsund Yard/hull No.: 669, German Democratic Republic",A B Bocyp Fishing Ltd,Northern Fishers Co (OOO 'Severnaya Rybolovetskaya Kompaniya'),Broken Up,,,,,,,,,,,2007-10-31 - 2011,,,,2004-10-04 - 2009-11-13,,2006-09-22 - 2009-11-13,NAFO Div. 1F,,,,,,,,,,
False,CEFEY,Cefey,7700104,,Cargo vessel,,Russia,UGAU,,1727.000,2175,78.110,197807,7.520,"Buesumer Werft GmbH - Buesum (Hull) Yard/hull No.: 269, Germany, Federal Republic Of",Rybprom-3 JSC (ZAO 'Rybprom-3'),Rybprom-3 JSC (ZAO 'Rybprom-3'),Broken Up,,,,,,,,,,,2007-10-31 - 2009-11-13,,,,2005-04-13 - 2009-11-13,"OBS with Panamanian Flag call sign: HP8520, OBS by NOR transhipping the in NEAFC Regulatory Area",2007-02-18 - 2009-11-13,,,,,,,,,,,
True,CEVAHIR,GALA I,8133839,,"Fishing Vessel, Research Survey Vessel",Purse seine,Unknown,,,104.000,0,23.750,,4.000,"Jachtbouw en Constructiebedrijf Marcon - Hoogezand, Netherlands",Trade & Trade Yachting Ltd,Trade & Trade Yachting Ltd,In Service/commission,,,2008-11-24 - ,Use of fraudulent documentation,,,,,,,,,,,,,,,,,,,2014-05 - ,,,,,
True,CHALLENGE,Challenge,6622642,37571PEXT,Fishing Vessel,,Panama,HO5381,,900.000,1145,45.700,1966,7.010,"Vigo, Barreras S.A., Hijos De J. (Vigo , Spain)",Advantage Company SA,Juan A Argibay Perez,Continued Existence In Doubt,,,,,,,,,2006-11-03 - ,Inside Division 58.4.3b; 58.4.3b; 58.4.3b; 58.4.3b,2007-10-31 - ,,,,,,,,,,,,2014-05 - ,,,,,
True,CHI TONG,Chi Tong,,,,,,,,,,,,,,,,,2015-05-01 - ,Operating in the IOTC area without authorisation,2015-10-02 - ,Following IOTC,,,,,,,,,,,,,,,,,,,,,,,,
False,CHIA YU 3,Yu Long 33,,,,,Unknown,,,55.000,,22.100,2002,1.700,"Jin Jiahn Lih Shipbuilding Co., Ltd.",,Pesca Tuna SA,,,,,,2005-12-26 - 2006-06-30,,,,,,,,,,,,,,,,,,,,,,,
False,COMET,Comet,8324139,,Fishing Vessel,,Unknown,,,1007.000,853,62.820,198403,6.810,"Narasaki Zosen K.K., Japan",Credraf Associates SA,Jose Manuel Salgueiro,In Service/commission,,,,,,,,,2006-11-03 - 2008-11-07,Fishing inside Division 58.4.3b,2007-10-31 - 2008-11-07,,,,,,,,,,,,,,,,,
False,CONCHITA VI,Conchita VI,,,,,Belize,V3TB7,,79.000,,23.800,2002,2.000,Shing Sheng Fa Boatbuilding Co. Ltd,Primero Fishery Co. Ltd,,,,,,,2005-12-26 - 2006-06-30,,,,,,,,,,,,,,,,,,,,,,,
False,CRYSTAL CROWN,Ocean Explorer,7826245,,Fishing Vessel,Purse seine,Thailand,HSB3333,,2685.000,1749,84.990,198012,9.220,"ul Marynarki Polskiej 177, 80-958 Gdansk, Poland","THAI TUNA FISHING Co., Ltd.",International Fishing Corp Pte Ltd,In Service/commission,2005-06-03 - 2006-05-26,Contravention of IOTC Resolution 02/04,,,,,,,,,,,,,,,,,,,,,,,,,,
True,DAMANZAIHAO,Damanzaihao,7913622,,"Fishing Vessel, Fish factory ship",,Belize,V3TT3,312172000,49367.000,36484,228.600,"1980, 1979","19.030, 19.000","Tsurimi Shipyard, Yokohama, Japan",DVS-R Pte Ltd,DVS-R Pte Ltd,In Service/commission,,,,,,,,,,,,,,,,,,,2015-02-06 - ,Prolonged presence in the SPRFMO Area without authorisation and providing support to five authorised Peruvian trawlers,,,,,,,,
True,DIEGO STAR 2,,,,Fishing Vessel,,Comoros,D6A2026,,,,,,,,Rodia Processing Plant,,,,,,,,,,,,,,,,,,,,,,,,,,,,,2018-06 - ,Fishing in the Agreement Area and not on the SIOFA Record of Authorised Vessels
True,DIEGO STAR 3,,8001608,,Fishing Vessel,Longline,Comoros,D6A2132,,299.000,,50.770,198004,3.560,Japan,Rodia Processing Plant,,In Service/commission,,,,,,,,,,,,,,,,,,,,,,,,,,,2018-06 - ,Fishing in the Agreement Area and not on the SIOFA Record of Authorised Vessels
True,DIGNAMOL 1,DIGNAMOL 1,,IND-TN-15-MM-125,Fishing Vessel,Lines unspecified,India,,,,,,,,,"Jelvis s/o Dicostan, SD. Jelvish, s/o Dikostan",James Robert,,2017-05 - ,Fishing without a license in the waters of the UK (OT),2017-07-15 - ,Following IOTC,,,,,,,,,,,,,,,,,,,,,,,,
False,DOLFIN,Dolphin,8422852,,Fishing Vessel,,Unknown,,,1898.000,690,62.260,198410,9.220,"VEB Volkswerft Stralsund - Stralsund Yard/hull No.: 656, German Democratic Republic",Rptd Sold Undisclosed Interest,Rptd Sold Undisclosed Interest,Scrapped,,,,,,,,,,,2007-10-31 - 2014-11-14,,,,2005-04-01 - 2014-11-14,OBS by EU and ISL fishing in the NEAFC Regulatory Area,2007-02-18 - 2014-11-14,,,,,,,,,,,
True,DONG WON NO. 629,Melilla No. 103,7809986,9710003-6260008,Fishing Vessel,Longline,South Korea,DTAQ8,,422.000,425,52.750,197809,3.750,"Niigata Engineering Co Ltd - Niigata Yard/hull No.: 1607, Japan",DONGWON FISHERIES CO LTD,DONGWON FISHERIES CO LTD,In Service/commission,,,2006-11-26 - ,Vessels greater than 24m not included in ICCAT Record of Vessels. Seen fishing in the MED during closed season,,,,,,,,,,,,,,,,,,,2014-05 - ,,,,,
False,DRAGON 18,Dragon 18,,,,,Belize,V3NS5,,99.000,,,,2.000,Chien Renn Shipbuilding Co. Ltd,,"Shung Ye Fishery Co., Ltd",,,,,,2005-12-26 - 2008-06-27,,,,,,,,,,,,,,,,,,,,,,,
False,DRAGON 28,Dragon 28,,,,,Belize,V3HT2,,99.000,,27.600,2002,2.000,Chien Renn Shipbuilding Co. Ltd,Bluefin Todo De Belize Co. Ltd.,Bluefin Todo De Belize Co. Ltd.,,,,,,2005-12-26 - 2006-06-30,,,,,,,,,,,,,,,,,,,,,,,
True,DRAGON III,Dragon III,,,,,Unknown,,,105.000,,23.800,1997,3.200,,,Reino De Mar S.A.,,,,2013-08-20 - ,,2005-12-26 - ,,,,,,,,,,,,,,,,,,2014-05 - ,,,,,
False,DRAGON VI,Dragon VI,,,,,Costa Rica,,,91.000,,26.500,1995,3.600,Tecnonaval S.A.,Hung Chuan Wang Shih / Astillero Mariscos del Pacífico SA,Pesca Tuna SA,,,,,,2005-12-26 - 2006-06-30,,,,,,,,,,,,,,,,,,,,,,,
False,DRAGON XIII,Dragon XIII,,,,,Belize,,,,,,,,,,,,,,,,2005-12-26 - 2006-06-30,,,,,,,,,,,,,,,,,,,,,,,
False,DUBREKA,Cliff,8028424,,"Cargo vessel, Fish carrier",,Comoros,D6HQ9,616999336,2732.000,3346,80.750,198201,7.800,"Scheepswerf en Mfbk. Ysselwerf B.V. - Capelle a/d IJssel Yard/hull No.: 202, Netherlands",Sonit Sarl (Societe Sonit Guinee-Sarl),Sonit Sarl (Societe Sonit Guinee-Sarl),In Service/commission,,,,,,,,,,,2007-10-31 - 2009-07-10,,,,2005-04-01 - 2009-07-10,OBS by NOR transhipping in the NEAFC Regulatory Area,2007-02-18 - 2009-07-10,,,,,,,,,,,
True,EPHRAEEM,EPHRAEEM,,IND-TN-15-MM-4779,Fishing Vessel,"Gillnets, Longline",India,,,,,,,,,,,,2017-05 - ,"Fishing without a license, use of prohibited gear and no logbook in the waters of the UK (OT)",2017-07-15 - ,Following IOTC,,,,,,,,,,,,,,,,,,,,,,,,
True,EROS DOS,Eros Dos,8604668,37161PEXT,"Fishing Vessel, Fishery support vessel",,Panama,HO5115,,369.000,268,36.500,198912,5.820,"Hijos de J. Barreras S.A. - Vigo Yard/hull No.: 1499, Spain",Suarpesca SA,Suarpesca SA,In Service/commission,,,,,,,,,,,2008-02-29 - ,,,,2008-02-29 - ,,2008-08-04 - ,,,,,,2014-05 - ,,,,,
False,EVA,Eva,8522119,M-01039,Fishing Vessel,,Georgia,4LPH,,1898.000,690,62.260,198505,9.220,"VEB Volkswerft Stralsund - Stralsund Yard/hull No.: 677, German Democratic Republic",A B Bocyp Fishing Ltd,Northern Fishers Co (OOO 'Severnaya Rybolovetskaya Kompaniya'),Broken Up,,,,,,,,,,,2007-10-31 - 2009-11-13,,,,2004-10-04 - 2009-11-13,,2006-09-22 - 2009-11-13,NAFO Div. 1F,,,,,,,,,,
False,F/V EMILY,F/V Emily,,,,,St. Vincent and the Grenadines,,,,,,,,,Continental Ltd.,,,,,2005-11-20 - 2006-11-26,,,,,,,,,,,,,,,,,,,,,,,,,
True,FIT,No. 101 Gloria,7302548,,,Longline,Tanzania,5IM718,677061800,655.000,557,55.920,197302,4.050,"KK Kanasashi Zosen - Shizuoka SZ, Japan",Intera Company SA,Intera Company SA,In Service/commission,,,2006-11-26 - ,Vessels greater than 24m not included in ICCAT Record of Vessels. Seen fishing in the MED during closed season,,,,,,,,,,,,,,,,,,,2014-05 - ,,,,,
False,FLORENTINO,Daniela F,9130793,P-04-00943,Fishing Vessel,Purse seine,Ecuador,HC5240,735058912,3722.000,3706,107.500,199704,10.080,"Group Tomas A. Alonso 100, Apartado 35, 36208 Vigo (Pontevedra), H. J. Barreras, Spain","IMPORTEQ, S.A.",,In Service/commission,,,,,,,2007-12-07 - 2009-12-11,,,,,,,,,,,,,,,,,,,,,
False,FONG KUO NO. 819,Seed Leaf,8913992,42061-10-B,"Cargo vessel, Fish carrier",,Panama,3FCY3,370070000,5131.000,6523,115.000,199101,10.100,"Kitanihon Zosen K.K., Japan",F.K. OVERSEAS CORP.,FK Overseas Co Ltd,In Service/commission,,,,,,,,,2006-11-03 - 2008-11-07,Undocumented transhipment,2007-10-31 - 2008-11-07,,,,,,,,,,,,,,,,,
True,FU HSIANG FA 18,,,,,,,,,,,,,,,,,,2015-05-01 - ,Operating in the IOTC area without authorisation,2015-10-02 - ,Following IOTC,,,,,,,,,,,,,,,,,,,,,,,,
True,FU HSIANG FA NO. 01,,,,,,,,,,,,,,,,,,2014-06-05 - ,Operating in the IOTC area without authorisation,2015-10-02 - ,Following IOTC,,,,,,,,,,,,,,,,,,,,,,,,
True,FU HSIANG FA NO. 02,,,,,,,,,,,,,,,,,,2014-06-05 - ,Operating in the IOTC area without authorisation,2015-10-02 - ,Following IOTC,,,,,,,,,,,,,,,,,,,,,,,,
True,FU HSIANG FA NO. 06,,,,,,,,,,,,,,,,,,2014-06-05 - ,Operating in the IOTC area without authorisation,2015-10-02 - ,Following IOTC,,,,,,,,,,,,,,,,,,,,,,,,
True,FU HSIANG FA NO. 08,,,,,,,,,,,,,,,,,,2014-06-05 - ,Operating in the IOTC area without authorisation,2015-10-02 - ,Following IOTC,,,,,,,,,,,,,,,,,,,,,,,,
True,FU HSIANG FA NO. 09,,,,,,,,,,,,,,,,,,2014-06-05 - ,Operating in the IOTC area without authorisation,2015-10-02 - ,Following IOTC,,,,,,,,,,,,,,,,,,,,,,,,
True,FU HSIANG FA NO. 11,,,,,,,,,,,,,,,,,,2014-06-05 - ,Operating in the IOTC area without authorisation,2015-10-02 - ,Following IOTC,,,,,,,,,,,,,,,,,,,,,,,,
True,FU HSIANG FA NO. 13,,,,,,,,,,,,,,,,,,2014-06-05 - ,Operating in the IOTC area without authorisation,2015-10-02 - ,Following IOTC,,,,,,,,,,,,,,,,,,,,,,,,
True,FU HSIANG FA NO. 17,,,,,,,,,,,,,,,,,,2014-06-05 - ,Operating in the IOTC area without authorisation,2015-10-02 - ,Following IOTC,,,,,,,,,,,,,,,,,,,,,,,,
True,FU HSIANG FA NO. 20,,,,,,,,,,,,,,,,,,2014-06-05 - ,Operating in the IOTC area without authorisation,2015-10-02 - ,Following IOTC,,,,,,,,,,,,,,,,,,,,,,,,
True,FU HSIANG FA NO. 21,,,,,,,,,,,,,,,,,,2014-06-05 - ,Vessel not on the IOTC register,2013-06-04 - ,From IOTC,,,,,,,,,,,,,,,,,,,2014-05 - ,,,,,
True,FU HSIANG FA NO. 23,,,,,,,,,,,,,,,,,,2014-06-05 - ,Operating in the IOTC area with authorisation,2015-10-02 - ,Following IOTC,,,,,,,,,,,,,,,,,,,,,,,,
True,FU HSIANG FA NO. 26,,,,,,,,,,,,,,,,,,2014-06-05 - ,Operating in the IOTC area without authorisation,2015-10-02 - ,Following IOTC,,,,,,,,,,,,,,,,,,,,,,,,
True,FU HSIANG FA NO. 30,,,,,,,,,,,,,,,,,,2014-06-05 - ,Operating in the IOTC area without authorisation,2015-10-02 - ,Following IOTC,,,,,,,,,,,,,,,,,,,,,,,,
True,FU LIEN NO. 1,Fu Lien No 1,7355662,,Fishing Vessel,,,,,305.000,370,46.940,1973,3.540,"Busan, 1973 Daedong Shipbuilding Co Ltd - Busan Yard/hull No.: 110",Fu Lien Fishery Co Ltd,Fu Lien Fishery Co Ltd,Continued Existence In Doubt,,,2013-03-14 - ,,,,2010-12-10 - ,"harvested species covered by the WCPFC Convention in the Convention Area (CMM 2007- 03, para 3h)",,,,,,,,,,,,,,,2014-05 - ,,,,,
True,FULL RICH,Full Rich,,,Fishing Vessel,Longline,Unknown,HMEK3,,527.000,,43.390,,,,Noel International Ltd.,Noel International Ltd.,,2013-05-31 - ,Operating in the IOTC area without authorisation,2013-06-04 - ,From IOTC,,,,,,,,,,,,,,,,,,,2014-05 - ,,,,,
False,GILONTAS NO. 318,Maya 31,8977601,34605-09-A,,Longline,Panama,,,101.000,,,200200,2.000,"Shing Sheng Fa Boat Building Co., Chinese Taipei",GILONTAS OCEAN PANAMA S.A.,"Codatlan, S.A.",In Service/commission,,,,,2005-12-26 - 2007-06-29,,,,,,,,,,,,,,,,,,,,,,,
False,GILONTAS NO. 328,Maya 32,8977613,34458-08-A,,Longline,Panama,HO4958,,101.000,,27.000,200200,2.000,"Shing Sheng Fa Boat Building Co., Chinese Taipei",GILONTAS OCEAN PANAMA S.A.,"Codatlan, S.A.",In Service/commission,,,,,2005-12-26 - 2007-06-29,,,,,,,,,,,,,,,,,,,,,,,
False,GILONTAS NO. 380,Maya 1,,34714-09-A,Fishing Vessel,Longline,Panama,,,79.000,,27.000,2000,2.000,Taiwan,GILONTAS OCEAN PANAMA S.A.,"Codatlan, S.A.",,,,,,2005-12-26 - 2007-06-29,,,,,,,,,,,,,,,,,,,,,,,
False,GILONTAS NO. 381,Maya 2,,34539-09-A,Fishing Vessel,Longline,Panama,HO4972,,79.000,,27.000,2000,2.000,Taiwan,,"Codatlan, S.A.",,,,,,2005-12-26 - 2007-06-29,,,,,,,,,,,,,,,,,,,,,,,
False,GILONTAS NO. 382,Maya 11,,34488-08-A,Fishing Vessel,Longline,Panama,,,79.000,,27.000,2000,2.000,Taiwan,GILONTAS OCEAN PANAMA S.A.,"Codatlan, S.A.",,,,,,2005-12-26 - 2007-06-29,,,,,,,,,,,,,,,,,,,,,,,
False,GILONTAS NO. 385,Maya 12,,34631-09-A,Fishing Vessel,Longline,Panama,,,79.000,,27.000,2000,2.000,Taiwan,GILONTAS OCEAN PANAMA S.A.,"Codatlan, S.A.",,,,,,2005-12-26 - 2007-06-29,,,,,,,,,,,,,,,,,,,,,,,
False,GILONTAS NO. 387,Maya 22,,34466-08-A,Fishing Vessel,Longline,Panama,HO4969,,79.000,,27.000,2001,2.000,Taiwan,GILONTAS OCEAN PANAMA S.A.,"Codatlan, S.A.",,,,,,2005-12-26 - 2007-06-29,,,,,,,,,,,,,,,,,,,,,,,
False,GILONTAS NO. 388,Maya 61,,34663-09-A,Fishing Vessel,Longline,Panama,HO4973,,79.000,,27.000,2002,2.000,"Shing Sheng Fa Boat Building Co., Ltd., Taiwan",GILONTAS OCEAN PANAMA S.A.,"Codatlan, S.A.",,,,,,2005-12-26 - 2007-06-29,,,,,,,,,,,,,,,,,,,,,,,
False,GILONTAS NO. 389,Maya 62,,34530-08-A,Fishing Vessel,Longline,Panama,,,79.000,,27.000,2002,2.000,"Shing Sheng Fa Boat Building Co., Ltd., Taiwan",GILONTAS OCEAN PANAMA S.A.,"Codatlan, S.A.",,,,,,2005-12-26 - 2007-06-29,,,,,,,,,,,,,,,,,,,,,,,
False,GLORIOUS HARMONY,Ocean Liberty,7806702,,Fishing Vessel,Purse seine,Equatorial Guinea,,,2669.000,1756,85.100,197902,9.200,"Stocznia Polnocna SA (Northern Shipyard), Poland",Interocean TSM Holdings Pte Ltd,International Fishing Corp Pte Ltd,Broken Up,2005-06-03 - 2006-05-26,Contravention of IOTC Resolution 02/04,,,,,,,,,,,,,,,,,,,,,,,,,,
True,GOIDAU RUEY NO.1,Goidau Ruey No.1,,,,,Unknown,HO2508,,99.000,,25.520,,2.000,,"Goidau Ruey Industrial, S.A.",,,,,2013-08-20 - ,from IATTC,2009-06-06 - ,,,,,,,,,,,,,,,,,,2014-05 - ,,,,,
True,GOOD HOPE,Good Hope,7020126,SR1185,Platform Supply Ship,,Nigeria,5NMU,657379000,580.000,945,50.300,197000,4.580,"Mangone Swiftships Inc., United States Of America",Port Plus Ltd,Port Plus Ltd,In Service/commission,,,,,,,,,2007-11-02 - ,,2007-11-02 - ,,,,,,,,,,,,2014-05 - ,,,,,
True,GORILERO,Gorilero,6719419,,Fishing Vessel,,Unknown,,,362.000,,38.310,196706,3.970,"Appledore Shipbuilders Ltd. - Appledore Yard/hull No.: A.S. 33, United Kingdom",Trianon Business SA,Trianon Business SA,In Service/commission,,,,,,,,,,,2007-10-31 - ,,,,2004-12-20 - ,,2007-02-18 - ,,,,,,2014-05 - ,,,,,
True,GUNUAR MELYAN 21,Gunuar Melyan 21,,,,,,,,,,,,,,,,,2008-06-11 - ,IOTC Contravention of IOTC Resolution 07/02,2009 - ,IOTC Contravention of IOTC Resolution 07/02,,,,,,,,,,,,,,,,,,,2014-05 - ,,,,,
True,HAI FA,HAI FA,7818561,3498510,Cargo vessel,,Panama,3EAY,371295000,3830.000,4258,107.000,197811,9.400,"Kanasashi Zosen, Shizuoka, Japan",Hai Yi Shipping Ltd,Greatsources Shipping Consultants Ltd,Broken Up,,,,,,,,,,,,,2015-09-09 - ,"Illegal import and export of goods China to Indonesia, illegal transport of CITES-listed species, deactivated VMS and AIS",,,,,,,,,,,,,,
True,HAI LUNG,YELE,6607666,,Fishing Vessel,,,PQBT,535096772,866.000,1145,49.000,196600,4.810,"Barreras S.A., Hijos De J., Spain",Rptd Sold Undisclosed Interest,Etterna Ship Management,In Service/commission,,,,,,,,,2006-11-03 - ,Fishing inside Division 58.4.3b; 58.4.3b; 58.4.2; 58.4.3b,2007-10-31 - ,,,,2014-06-17 - ,Fishing inside Division A (SEAFO) 2012,,,,,,,2014-05 - ,,,,,
True,HEAVY SEA,Heavy Sea,7322926,34304PEXT4,Fishing Vessel,,Panama,3ENF8,,599.000,492,55.300,197306,3.890,"Kanasashi Heavy Industries Co Ltd (Shimizu, Shizuoka , Japan), Japan",Barroso Fish SA,Barroso Fish SA,In Service/commission,,,,,,,,,2004-11-05 - ,Inside Division 58.5.1; 58.5.1,2007-10-31 - ,,,,,,,,,,,,2014-05 - ,,,,,
False,HIROYOSHI - 17,Hiroyoshi 17,,171 No. 1718/Bc,Reefer,,Indonesia,YEA5515,,171.000,,33.570,,,,"INTIMAS SURYA, PT.",SUHARDI,,,,2011-08-30 - 2012-06-21,,2005-12-26 - 2012-06-21,,,,,,,,,,,,,,,,,,,,,,,
True,HONOR,WISDOM SEA REEFER,7637527,MD-M-18-1011,Cargo vessel,,Moldova,ER2687,214182687,2989.000,3771,101.940,197709,8.010,Netherlands,Marine Honor SA,Virgin Fishing Company,In Service/commission,2018-05 - ,Contravention of IOTC Resolution 17/03,,,,,,,,,,,,,,,,,,,,,,,,,,
True,HOOM XIANG 101,Hoom Xiang 101,,,Fishing Vessel,Longline,Unknown,,,,,23.500,,,,Unknown,,,2014-06-05 - ,Operating in the IOTC area without authorisation,2015-10-02 - ,Following IOTC,,,,,,,,,,,,,,,,,,,,,,,,
True,HOOM XIANG 103,Hoom Xiang 103,,,Fishing Vessel,Longline,Unknown,,,,,24.200,,,,Unknown,,,2014-06-05 - ,Operating in the IOTC area without authorisation,2015-10-02 - ,Following IOTC,,,,,,,,,,,,,,,,,,,,,,,,
True,HOOM XIANG 105,Hoom Xiang 105,,,Fishing Vessel,Longline,Unknown,,,,,25.800,,,,Unknown,,,2014-06-12 - ,Operating in the IOTC area without authorisation,2015-10-02 - ,Following IOTC,,,,,,,,,,,,,,,,,,,,,,,,
True,HOOM XIANG 11,Hoom Xiang 11,,,Fishing Vessel,Longline,Unknown,,,,,27.100,,,,,,,2010-03-05 - ,Contravention of IOTC Resolution 09/03,2011-08-30 - ,,,,,,,,,,,,,,,,,,,,2014-05 - ,,,,,
False,HSIN CHI WANG NO. 8,Hsin Chi Wang No. 8,8994300,,Fishing Vessel,,Unknown,,,125.000,,29.700,200112,2.150,"Jin Jiahn Lih Shipbuilding Co., Ltd., Chinese Taipei",Rptd Sold Undisclosed Interest,Rptd Sold Undisclosed Interest,In Service/commission,,,,,2005-12-26 - 2006-06-30,,,,,,,,,,,,,,,,,,,,,,,
False,HSIN TSAN NO. 2,Hsin Tsan No. 2,,,,,Belize,V3VK8,,98.000,,25.500,2002,2.120,Chien Renn Shipbuilding Co. Ltd,,,Sunk,,,,,2005-12-26 - 2006-06-30,,,,,,,,,,,,,,,,,,,,,,,
True,HUA LI 8,HUA LI 8,8779774,"(ZHE)CHUAN  DENG (JI)(2017)FT-200212 HAO, 3309000Y14642",Fishing Vessel,"Pole and line, Handline",China,BZU7N,412420941,1275.000,,65.020,201412,6.950,"China, People's Republic Of, ZHOU SHAN",Zhoushan Huali Ocean Fisheries Co Ltd,Zhoushan Huali Ocean Fisheries Co Ltd,In Service/Commission,,,,,,,,,,,,,2016-04-04 - ,Illegal fishing in the EEZ of Argentina,,,,,,,,,,,,,,
False,HUNG CHI FU,Talamanca,2597590,280010057,Fishing Vessel,Longline,Belize,V3HD2,312120000,80.000,,27.600,200004,2.000,"Chien Renn Shipbuilding Co. Ltd, Chinese Taipei",Transportes El Pescador SA,Transportes El Pescador SA,In Service/Commission,,,,,2005-12-26 - 2006-06-30,,,,,,,,,,,,,,,,,,,,,,,
False,HUNG CHI FU 12,Yuh Shan,,,,,Unknown,,,80.000,,26.100,2002,1.900,Chien Renn Shipbuilding Co. Ltd,,"Yuh Shan Fishery Co., Ltd",,,,,,2005-12-26 - 2006-06-30,,,,,,,,,,,,,,,,,,,,,,,
False,HUNG CHI FU 3,Yu Long 27,,,,,Unknown,,,55.000,,22.100,2002,1.700,"Jin Jiahn Lih Shipbuilding Co., Ltd.",,Pesca Tuna SA,,,,,,2005-12-26 - 2006-06-30,,,,,,,,,,,,,,,,,,,,,,,
False,HUNG CHI FU 33,Yu Long 68,2699843,020210155,Fishing Vessel,Longline,Belize,V3ZW6,,95.000,0,22.800,199909,3.500,"Tecnonaval SA, Tecnonaval S.A., Costa Rica","Pesca Tuna SA, Transportes El Pescador SA","Pesca Tuna SA, Transportes El Pescador SA",In Service/Commission,,,,,2005-12-26 - 2006-06-30,,,,,,,,,,,,,,,,,,,,,,,
False,HUNG CHI FU 35,Reymar No. 1,,,Fishing Vessel,Longline,Costa Rica,,,99.000,,,2001,2.000,Chien Renn Shipbuilding Co. Ltd,Hung Chuan Wang Shih / Astilleros Mariscos del Pacifico SA,,,,,,,2005-12-26 - 2006-06-30,,,,,,,,,,,,,,,,,,,,,,,
False,HUNG CHI FU 68,Reymar No. 2,,,Fishing Vessel,Longline,Thailand,HSN5658,567000445,,,30.300,2002,2.100,Chien Renn Shipbuilding Co. Ltd,Shealth Services (Thailand) Co Ltd,Shealth Services (Thailand) Co Ltd,,,,,,2005-12-26 - 2006-06-30,,,,,,,,,,,,,,,,,,,,,,,
False,HUNG CHI FU NO. 16,Yu Long No. 21,,,,,Mexico,V3WC7,,55.000,,22.100,2002,1.700,"Jin Jiahn Lih Shipbuilding Co., Ltd.",,Pesca Tuna SA,,,,,,2005-12-26 - 2006-06-30,,,,,,,,,,,,,,,,,,,,,,,
False,HUNG CHI FU NO. 27,Yu Long 37,2700642,280210128,Fishing Vessel,Longline,Belize,V3TF9,,55.000,,18.300,200205,1.700,"Jin Jiahn Lih Shipbuilding Co., Ltd., Chinese Taipei",Pesca Tuna SA,Pesca Tuna SA,In Service/Commission,,,,,2005-12-26 - 2006-06-30,,,,,,,,,,,,,,,,,,,,,,,
False,HUNG JIE WEI NO. 2,Conchita VIII,,,,,Unknown,,,79.000,,27.800,2002,2.000,Shing Sheng Fa Boatbuilding Co. Ltd,,,,,,,,2005-12-26 - 2006-06-30,,,,,,,,,,,,,,,,,,,,,,,
True,IANNIS I,Iannis I,7332218,3035304,Fishing Vessel,,Panama,HO3374,,320.000,,37.390,197409,3.920,"Ast. de Santander S.A. - Santander Yard/hull No.: 84, Spain",Iannis Corp,Iannis Corp,Total Loss,,,,,,,,,,,2007-10-31 - ,,,,2004-04-04 - ,040404 In port in Spain. Inspection: No Regulated Resources onboard. 210504 OBS by EU fishing in the NEAFC Regulatory Area,2007-02-18 - ,,,,,,2014-05 - ,,,,,
False,IN SUNG NO. 7,East Ocean,9230660,0912001-6261107,Fishing Vessel,,South Korea,DTBX4,,647.000,,54.550,200102,3.650,"Lien Cherng Shipbuilding Co., Ltd. (Kaohsiung , China, Republic Of (Taiwan))",Insung Corp,Insung Corp,Broken Up,,,,,,,,,2004-11-05 - 2008-11-07,Fishing inside Division 58.4.3; 58.4.1; 58.4.3b; 58.4.3b; Inside division 58.4.3b,2007-10-31 - 2008-10-07,,,,,,,,,,,,,,,,,
False,ISABELLA,Isabella,8422838,M-01038,Fishing Vessel,,,,,1898.000,690,62.260,198409,9.220,"VEB Volkswerft Stralsund - Stralsund Yard/hull No.: 654, German Democratic Republic",A B Bocyp Fishing Ltd,Northern Fishers Co (OOO 'Severnaya Rybolovetskaya Kompaniya'),Broken Up,,,,,,,,,,,2007-10-31 - 2009-11-13,,,,2002-04-18 - 2009-11-13,,2006-09-22 - 2009-11-13,"NAFO Div. 1F, 31.07.2006",,,,,,,,,,
True,ITZIAR II,Itziar II,6803961,,Fishing Vessel,,,5NTV3,,631.000,587,58.980,196800,4.750,"Alto Adriatico S.P.A., Cantieri Dell' (Trieste , Italy), Italy",Monteco Shipping Corp,Monteco Shipping Corp,Total Loss,,,,,,,,,2003-11-07 - 2017,Inside Division 58.5.1; Fishing inside Division 58.5.1; Inside Division 58.4.3b; 58.4.3b; 58.4.3b; 58.4.3b; Fishing inside Division 58.4.3,2007-10-31 - ,,,,,,,,,,,,2014-05 - ,,,,,
False,JIMMY WIJAYA XXXV,Jimmy Wijaya XXXV,,115 No.937/Bc,Fishing Vessel,Longline,Indonesia,YE4683,,115.000,,25.680,,,,FARIDA,FARIDA,,,,2011-08-30 - 2012,,2005-12-26 - 2012,,,,,,,,,,,,,,,,,,,,,,,
False,JIN SHYANG YIH 668,Jin Shyang Yih 666,,58 00 0147 1,Fishing Vessel,Longline,,HSN6022,312028000,99.000,,29.300,2001,,Chien Renn Shipbuilding Co Ltd,"JIN SHYANG YIH FISHERY CO.,LTD.","JIN SHYANG YIH FISHERY CO.,LTD.",,,,,,2005-12-26 - 2006-06-30,,,,,,,,,,,,,,,,,,,,,,,
False,JINN FENG TSAIR NO. 1,Jinn Feng Tsair No. 1,,CT4-2444,Fishing Vessel,Longline,Taiwan,BJ4444,,54.820,,22.000,1995,1.720,Chinese Taipei,"JHENG, ZONG-SIN",,,,,,,,,2007-12-07 - 2013-02-06,"Fishing in the Exclusive Economic Zone of the Federated States of Micronesia without permission and in contravention of Federated States of Micronesia’s laws and regulations. (CMM 2007-03, para 3b)",,,,,,,,,,,,,,,,,,,,
False,JOSELITO,Mar Cantabrico,,P-04-00996,Fishing Vessel,Purse seine,Ecuador,HC5759,,277.000,,32.910,1982,4.870,Marco Marine,Grupo Degfer CIA LTDA,,,,,2011-08-30 - 2012-06-21,,2011-07-01 - 2012-06-21,Fished during a closure in 2010,,,,,,,,,,,,,,,,,,,,,,
False,JUANITA,Juanita,8522042,M-01035,Fishing Vessel,,Cyprus,4LSM,,1898.000,690,62.260,198503,9.220,"Volkswerft Stralsund - Stralsund Yard/hull No.: 670, German Democratic Republic",A B Bocyp Fishing Ltd,Northern Fishers Co (OOO 'Severnaya Rybolovetskaya Kompaniya'),Broken Up,,,,,,,,,,,2007-10-31 - 2009-11-13,,,,2004-10-04 - 2009-11-13,,2006-09-22 - 2009-11-13,NAFO Div. 1F,,,,,,,,,,
True,JYI LIH 88,Jyi Lih 88,,,,,,,,,,,,,,,,,,,2013-08-20 - ,From IATTC,2005-12-26 - ,,,,,,,,,,,,,,,,,,2014-05 - ,,,,,
False,KABOU,Red,6706084,35400LP,Fishing Vessel,,Unknown,3EJI3,,1490.000,1330,74.000,196700,7.400,"Hijos de J. Barreras S.A. - Vigo Yard/hull No.: 1355, Spain",Star Maritime Corp,"Empresa de Pesca Joao Maria Vilarinho, Sucessores, Sarl",Broken Up,,,,,,,,,,,2007-10-31 - 2012-11-14,,,,2006-07-21 - 2012-11-14,Surveillance flight. First observation by NOR FIS in RA SCH 06/34,2007-02-18 - 2012-11-14,,,,,,,,,,,
True,KIM SENG DENG 3,Kim Seng Deng 3,,,,,Bolivia,,,,,,,,,,,,2015-05-01 - ,Operating in the IOTC area without authorisation,2015-10-02 - ,Following IOTC,,,,,,,,,,,,,,,,,,,,,,,,
True,KING JESUS,KING JESUS,,,Fishing Vessel,Lines unspecified,India,,,,,,,,,,Bibi S. R. Paul Miranda S.,,2017-05 - ,Fishing without a license in the waters of the UK (OT),2017-07-15 - ,Following IOTC,,,,,,,,,,,,,,,,,,,,,,,,
True,KM. ANEKA 228,KM. Aneka 228,,,,,,,,,,,,,,,,,2015-05-01 - ,Operating in the IOTC area without authorisation,2015-10-02 - ,Following IOTC,,,,,,,,,,,,,,,,,,,,,,,,
True,KOOSHA 4,Koosha 4,7905443,,Cargo vessel,,Iran,9BQK,422734000,2359.000,2536,87.760,198005,7.420,Spain,Parspaya Seyd Co.,Parspaya Seyd Co.,In Service/commission,,,,,,,,,2011-11-01 - ,Inside Division 58.5.1 January and February 2011,2011-11-01 - ,follows CCAMLR,,,,,,,,,,,2014-05 - ,,,,,
True,KUANG HSING 127,Kuang Hsing 127,,,,,,,,,,,,,,,,,2015-05-01 - ,Operating in the IOTC area without authorisation,2015-10-02 - ,Following IOTC,,,,,,,,,,,,,,,,,,,,,,,,
True,KUANG HSING 196,Kuang Hsing 196,,,,,,,,,,,,,,,,,2015-05-01 - ,Operating in the IOTC area without authorisation,2015-10-02 - ,Following IOTC,,,,,,,,,,,,,,,,,,,,,,,,
True,LABIKO 2,LABIKO,7325746,,,"Gillnets, Longline",Liberia,3XGU,,582.000,411,54.260,197300,,"A1973 Stocznia im Komuny Paryskiej - Gdynia Yard/hull No.: B423/16, Poland",Diakhate Djibnil,,In Service/commission,,,,,,,,,,,2007-10-31 - ,,,,2007-10-29 - ,,2008-08-04 - ,,,,,,2014-05 - ,,,,,
False,LE MALIN,Apache I,9142693,,Diving Support Vessel,,France,,,1146.000,620,49.990,,7.500,"West Contractors AS - Olensvaag Yard/hull No.: B12, Poland",Marine Nationale - Direction des Travaux Maritimes,Marine Nationale - Direction des Travaux Maritimes,In Service/commission,,,,,,,,,2004-11-05 - 2007-11-02,Fishing Division 58.5.1 Apprehended,2007-10-31 - 2007-11-02,,,,,,,,,,,,,,,,,
True,LIAO YUAN YU 071,,,,Fishing Vessel,Lift nets,,,,,,,,,,,,,,,,,,,,,,,,,,,,,,,,,,,,,2017-07 - ,,,
True,LIAO YUAN YU 072,,,,Fishing Vessel,Lift nets,,,,,,,,,,,,,,,,,,,,,,,,,,,,,,,,,,,,,2017-07 - ,,,
True,LIAO YUAN YU 9,,,,Fishing Vessel,Lift nets,,,,,,,,,,,,,,,,,,,,,,,,,,,,,,,,,,,,,2017-07 - ,,,
True,LILA NO. 10,Lila No. 10,,,,,Panama,,,,,,,,,,,,,,2006-11-26 - ,Vessels greater than 24m not included in ICCAT Record of Vessels. Seen fishing in the MED during closed season,,,,,,,,,,,,,,,,,,,2017-05 - ,,,,,
True,LIMPOPO,Limpopo,7388267,,Fishing Vessel,,Unknown,5VRS4,,555.000,0,51.000,197412,6.150,"Santodomingo S.A., Construcciones Navale (Vigo , Spain), Spain",Grupo Oya Perez SL,Grupo Oya Perez SL,In Service/commission,,,,,,,,,2003-11-07 - ,Inside Division 58.4.3b; Fishing inside Division 58.4.3b: 58.4.3b; Inside Division 58.5.1; Fishing inside Division 58.5.2,2007-10-31 - ,,,,,,,,,,,,2014-05 - ,,,,,
False,LINGSAR 08,Lingsar 08,,,Fishing Vessel,Longline,Indonesia,,,72.000,,19.720,,1.800,,Mr Nurwahid,,,2010-03-05 - 2011-03-22,Contravention of IOTC Resolution 09/03,,,,,,,,,,,,,,,,,,,,,,,,,,
False,LIVADIA,Thorgull,8209078,086,Cargo vessel,,Slovakia,OMRB,,6127.000,6325,145.580,198302,10.520,"Group, Japan",Red Ruby Trading Ltd,Seatraffic Ltd,Broken Up,,,,,,,,,,,2007-10-31 - 2007-12-21,,,,2006-10-24 - 2007-11-16,,2007-02-18 - 2007-12-21,,,,,,,,,,,
False,LONG YU SHENG,Long Yu Sheng,,,,,Costa Rica,,,125.000,,26.000,,2.700,Tecnonaval S.A.,,Pesca Tuna SA,,,,,,2005-12-26 - 2006-06-30,,,,,,,,,,,,,,,,,,,,,,,
True,LU RONG YU 1189,,,,Fish carrier,,,,,,,,,,,,,,,,,,,,,,,,,,,,,,,,,,,,,,2017-07 - ,,,
True,LU RONG YUAN YU 101,,,,Fishing Vessel,Trawl unspecified,China,,,800.000,,,,,,,,,,,,,,,,,,,,,,,,,,,,,,,,,2018-01 - ,,,
True,LU RONG YUAN YU 101,,,,Fishing Vessel,Lift nets,China,,,800.000,,,,,,,,,,,,,,,,,,,,,,,,,,,,,,,,,2018-01 - ,,,
True,LU RONG YUAN YU 102,,,,Fishing Vessel,Lift nets,China,,,800.000,,,,,,,,,,,,,,,,,,,,,,,,,,,,,,,,,2018-01 - ,,,
True,LU RONG YUAN YU 102,,,,Fishing Vessel,Trawl unspecified,China,,,800.000,,,,,,,,,,,,,,,,,,,,,,,,,,,,,,,,,2018-01 - ,,,
True,LU RONG YUAN YU 103,,,,Fishing Vessel,Trawl unspecified,China,,,651.000,,,,,,,,,,,,,,,,,,,,,,,,,,,,,,,,,2018-01 - ,,,
True,LU RONG YUAN YU 103,,,,Fishing Vessel,Lift nets,China,,,651.000,,,,,,,,,,,,,,,,,,,,,,,,,,,,,,,,,2018-01 - ,,,
True,LU RONG YUAN YU 105,,,,Fishing Vessel,Trawl unspecified,China,,,651.000,,,,,,,,,,,,,,,,,,,,,,,,,,,,,,,,,2018-01 - ,,,
True,LU RONG YUAN YU 105,,,,Fishing Vessel,Lift nets,China,,,651.000,,,,,,,,,,,,,,,,,,,,,,,,,,,,,,,,,2018-01 - ,,,
True,LU RONG YUAN YU 106,,,,Fishing Vessel,Lift nets,China,,,651.000,,,,,,,,,,,,,,,,,,,,,,,,,,,,,,,,,2018-01 - ,,,
True,LU RONG YUAN YU 106,,,,Fishing Vessel,Trawl unspecified,China,,,651.000,,,,,,,,,,,,,,,,,,,,,,,,,,,,,,,,,2018-01 - ,,,
True,LU RONG YUAN YU 108,,,,Fishing Vessel,Lift nets,China,,,651.000,,,,,,,,,,,,,,,,,,,,,,,,,,,,,,,,,2018-01 - ,,,
True,LU RONG YUAN YU 108,,,,Fishing Vessel,Trawl unspecified,China,,,651.000,,,,,,,,,,,,,,,,,,,,,,,,,,,,,,,,,2018-01 - ,,,
True,LU RONG YUAN YU 109,,,,Fishing Vessel,Lift nets,China,,,651.000,,,,,,,,,,,,,,,,,,,,,,,,,,,,,,,,,2018-01 - ,,,
True,LU RONG YUAN YU 109,,,,Fishing Vessel,Trawl unspecified,China,,,651.000,,,,,,,,,,,,,,,,,,,,,,,,,,,,,,,,,2018-01 - ,,,
True,MAAN YIH HSING,Maan Yih Hsing,,,,,,,,,,,,,,,,,2015-05-01 - ,Operating in the IOTC area without authorisation,2015-10-02 - ,Following IOTC,,,,,,,,,,,,,,,,,,,,,,,,
True,MADURA 2,Madura 2,,,,,Indonesia,,,,,,,,,P.T. Provisit,P.T. Provisit,,,,2004-11-21 - ,Operating unauthorised in the ICCAT area,,,,,,,,,,,,,,,,,,,2014-05 - ,,,,,
True,MADURA 3,Madura 3,,,,,Indonesia,,,,,,,,,P.T. Provisit,P.T. Provisit,,,,2004-11-21 - ,Operating in the ICCAT area without authorisation,,,,,,,,,,,,,,,,,,,2014-05 - ,,,,,
False,MANARA 1,Cevahir,,,,,,,,138.000,,24.900,,,,"Hannibal Shipping / ADJ Tuna, AJD Tuna Ltd.",J.L. Jalabert,,,,2008-11-24 - 2012-01-01,Use of fraudulent documentation,,,,,,,,,,,,,,,,,,,,,,,,
False,MANARA II,Abdi Baba 1,,,Fishing Vessel,Purse seine,Libya,,,,,,,,,Hannibal Shipping / ADJ Tuna,J.L. Jalabert,,,,2008-11-24 - 2012-01-01,Use of fraudulent documentation,,,,,,,,,,,,,,,,,,,,,,,,
True,MARIA,Maria,,,,,Sierra Leone,FN003882,,,,,,,,MARIA FISHERY CO.LTD,,,,,2006-11-26 - ,"vessels had no VMS, suspected of having no tuna licence and of possible at-sea transhipments",,,,,,,,,,,,,,,,,,,2014-05 - ,,,,,
False,MARTA LUCIA R,Marta Lucia R.,9330214,MC-05-573,Fishing Vessel,Purse seine,Colombia,HJCV,730014000,1771.000,2332,78.334,200402,8.055,"Astilleros Marco Chilena Limitada, Chile",Clingham Inc.,Tuna Atlantic Ltda,In Service/commission,,,2011-08-30 - 2013-08-04,,2005-12-26 - 2012,,,,,,,,,,,,,,,,,,,,,,,
False,"MARY LYNN, MARY-LYNN",Mary Lynn,8949044,P-04-00909,Fishing Vessel,Purse seine,Ecuador,HC5290,735058984,235.000,0,33.460,199800,,"Cabrales, Mexico",Industrias de Productos del Mar S.A. (IDELMAR),Rodrigo Agudo Valle,In Service/commission,,,,,2006-06-30 - 2008-06-27,,,,,,,,,,,,,,,,,,,,,,,
False,MAYA V,Maya V,8882818,,Fishing Vessel,,Unknown,HP8357,,859.000,0,54.850,198800,3.850,"Fong Kuo Shipbuilding Co., Ltd., Chinese Taipei",Rptd Sold Undisclosed Interest,Rptd Sold Undisclosed Interest,In Service/commission,,,,,,,,,2004-11-05 - 2008-11-07,Fishing inside Division 58.5.2 Apprehended,2007-10-31 - 2008-11-07,,,,,,,,,,,,,,,,,
False,MERIDIAN NO. 8,South Ocean,9230646,0912002-6261106,Fishing Vessel,Longline,South Korea,DTBX5,441667000,647.000,0,54.550,200012,3.650,"Lien Cherng Shipbuilding Co., Ltd, Kaohsiung, Taiwan, Chinese Taipei",Insung Corp,Insung Corp,In Service/commission,,,,,,,,,2004-11-05 - 2008-11-07,Fishing inside Division 58.4.3; 58.4.3b; 58.4.3b; Inside Division 58.4.3b; Fishing inside Division 58.4.3b,2007-10-31 - 2008-11-07,,,,,,,,,,,,,,,,,
False,MING TSAIR FA NO.60,Feng Jung Chin 1,8787276,"010595, CT4-1356",Fishing Vessel,Longline,Taiwan,BJ3356,416002232,99.000,,26.600,198711,2.100,Chinese Taipei,"TSENG, SHU FEN","TSAI, CHENG-CHING",In Service/Commission,2005-06-03 - 2008-06-11,Contravention of IOTC Resolution 02/04,,,,,,,,,,,,,,,,,,,,,,,,,,
False,MURAVYEV-AMURSKIY,Muravyev Amurskiy,9146352,960230,Fishing Vessel,,Russia,UESA,273319630,1146.000,494,49.990,199704,7.500,"Polnocna Sa, Stocznia, Poland",OOO 'Tymlatskiy Rybokombinat',OOO 'Tymlatskiy Rybokombinat',In Service/commission,,,,,,,,,2005-11-04 - 2006-11-03,,,,,,,,,,,,,,,,,,,
True,MURTOSA,Murtosa,7385174,,Fishing Vessel,,Unknown,5VMAO,,1066.000,593,61.420,197606,7.070,"Estaleiros Navais de Viana do Castelo, Portugal, Portugal",Murtosa Fishing Co,Murtosa Fishing Co,To Be Broken Up,,,,,,,,,,,2007-10-31 - ,,,,2005-11-15 - ,"In port in Aveiro, Portugal. Port Inspection: No Regulated Resources on board",2007-02-18 - ,,,,,,2014-05 - ,,,,,
False,MUTIARA NO. 28,Mutiara 28,8669723,,Fishing Vessel,Longline,Unknown,,,101.000,,27.020,200001,2.000,Chinese Taipei,"INTIMAS SURYA, PT.",MOKHAMAD ARIS RODIYANTO,In Service/Commission,,,,,2005-12-26 - 2011-07-01,,,,,,,,,,,,,,,,,,,,,,,
True,MYS MARII,MYS MARII,9009918,FS1-565,Fishing Vessel,Longline,Russia,UIBA,273338570,752.000,317,54.550,199008,3.800,"Niigata Engineering Co Ltd, Japan",OOO 'Tranzit-DV Group',OOO 'Tranzit-DV Group',In Service/commission,,,,,,,,,,,,,,,,,,,2016-01 - ,Fishing in the Convention Area without authorisation,,,,,,,,
False,NATIONAL NO. 101,National No. 101,,,,,St. Vincent and the Grenadines,,,,,,,,,Kwo-Jeng Marine Services Limited,,,,,2004-11-21 - 2006-11-26,,,,,,,,,,,,,,,,,,,,,,,,,
False,NEMANSKIY,Nemanskiy,8721595,,Fishing Vessel,,Unknown,UBKQ,,747.000,414,54.820,198709,5.000,"Zavod ""Leninskaya Kuznitsa"" - Kiyev Yard/hull No.: 1584, U.S.S.R.",OOO 'Yuzhnyy Rybopromyslovyy Flot',Pionerskiy Ocean Fishing Marine Center (Pionerskaya Baza Okeanicheskogo Rybolovnogo Flota (BORF)),Total Loss,,,,,,,,,,,2007-12-21 - 2011,,,,2007-12-21 - 2010-11-12,,2008-08-04 - 2010-11-12,,,,,,,,,,,
True,NEPTUNE,Neptune,8977596,,Fishing Vessel,,Unknown,,,575.000,0,44.000,198000,3.650,Japan,Space Energy Enterprises Co Ltd,Space Energy Enterprises Co Ltd,In Service/commission,,,2011-08-30 - ,,2011 - ,Not authorized to fish,2010-12-10 - ,Fishing on the high seas of the WCPFC Convention Area without being on the WCPFC Record of Fishing Vessels (CMM 2007-03-para 3a),,,,,,,,,,,,,,,2014-05 - ,,,,,
True,NEW BAI I NO. 168,,,81310,Fish carrier,,Liberia,YGMY,,505.000,,49.300,1973,,"Miho Shipyard, Akasaka, Japan",,,,,,2016-11-19 - ,,,,,,,,,,,,,,,,,,,,,,,,,
False,NICOLAY CHUDOTVORETS,Nicolay Chudotvorets,8421937,,Fishing Vessel,,Russia,UDIB,,1898.000,690,62.260,198405,9.220,"VEB Volkswerft Stralsund - Stralsund Yard/hull No.: 641, German Democratic Republic",Okkervil LLC,Okkervil LLC,Broken Up,,,,,,,,,,,2007-10-31 - 2009-11-11,,,,2006-04-29 - 2009-11-13,OBS by FRO FIS in RA,2007-02-18 - 2009-11-13,,,,,,,,,,,
False,"NO.5 TONINA, TONINA NO. 5",Tonina V,9001423,9409001-6210008,Fishing Vessel,Longline,South Korea,6NKA,440645000,408.000,455,56.070,198908,3.840,"Dae Sun Shipbuilding & Engineering Co Ltd - Busan Yard/hull No.: 354, Korea, South, Korea (Republic of)",DONGWON INDUSTRIES CO LTD,DONGWON INDUSTRIES CO LTD,In Service/commission,,,2006-11-26 - 2010,Vessels greater than 24m not included in ICCAT Record of Vessels. Seen fishing in the MED during closed season,,,,,,,,,,,,,,,,,,,,,,,,
False,"NO.606 DAE YANG, DAE YANG NO. 606",Chang Yow No. 212,8013883,0809001-6261106,Fishing Vessel,Longline,South Korea,DTBV3,441527000,664.000,0,55.890,198008,3.920,"1980-08 KK Kanasashi Zosen - Shimizu Yard/hull No.: 2047, Japan","Grand Fishery Co., Ltd","Grand Fishery Co., Ltd",In Service/commission,,,2004-11-21 - 2006-11-26,,,,,,,,,,,,,,,,,,,,,,,,,
False,NORTH OCEAN,North Ocean,9230658,,Fishing Vessel,,China,BZZW5,,647.000,0,54.550,200012,3.650,"Lien Cherng Shipbuilding Co., Ltd. (Kaohsiung , China, Republic Of (Taiwan)), Chinese Taipei",CHINA NATIONAL FISHERIES CORPORATION,CHINA NATIONAL FISHERIES CORPORATION,In Service/commission,,,,,,,,,2005-11-04 - 2011-11-15,,2007-10-31 - 2011-11-15,"Fishing inside Division 58.4.3b 2524 Jan 07 Feb 05, 22 Nov 06, Fishing inside Division 58.4.1 10 Dec 05",,,,,,,,,,,,,,,,
True,NORTHERN WARRIOR,Northern Warrior,8808903,,Fishing Vessel,,Unknown,,,676.000,330,39.700,199000,4.000,"IMC - Tonnay-Charente, France",South Atlantic Fishing NV,South Atlantic Fishing NV,In Service/commission,,,,,,,,,2016-10-28 - ,Supporting IUU listed vessels,2016 - ,From CCAMLR,,,,,,,,,,,,,,,,
True,OCEAN DIAMOND,Ocean Diamond,,,,,,,,,,,,,,,,,,,2004-11-21 - ,Reefer company provided documents showing frozen tuna had been transhiped.,,,,,,,,,,,,,,,,,,,2014-05 - ,,,,,
False,OCEAN STAR MARINE,Ocean Star Marine,7817440,019921384,Fishing Vessel,,Belize,V3AG3,,2685.000,1749,85.100,197912,9.200,"Stocznia Polnocna SA (Northern Shipyard), Poland",Ocean Star Marine Lines SA,Ocean Star Marine Lines SA,Broken Up,2005-06-03 - 2007-05-18,"Contravention of IOTC Resolution 02/04, 02/05, 03/05",,,,,,,,,,,,,,,,,,,,,,,,,,
True,OKAPI MARTA,,7816472,21320188,"Cargo vessel, Fish carrier",,Unknown,,,2617.000,1960,74.670,198705,4.710,Spain,"GESFLOT S.A., OKAPI INVERSIONES 2012 S.L.",Manteniship XXI sl,In Service/commission,,,,,,,,,,,,,,,,,,,,,,,2016 - ,,,,,
True,ORCA,Orca,,,,,Unknown,,,,,,,,,,,,,,2013-08-20 - ,from IATTC,2005-12-26 - ,,,,,,,,,,,,,,,,,,2014-05 - ,,,,,
True,ORIENTE NO. 7,Oriente No. 7,8430586,S.T.189,Fishing Vessel,Longline,Libya,5AWC,,658.000,0,56.300,199000,3.750,"Lien Ho Shipbuilding Co., Ltd. - Kaohsiung, Taiwan, Chinese Taipei","AL FAJR AL MUNIR MARINE FISHING CO, Taisay Kosho Co Ltd","AL FAJR AL MUNIR MARINE FISHING CO, Taisay Kosho Co Ltd",In Service/Commission,,,2006-11-26 - ,Vessels greater than 24m not included in ICCAT Record of Vessels. Seen fishing in the MED during closed season,,,,,,,,,,,,,,,,,,,2014-05 - ,,,,,
False,OZHERELYE,Ozherelye,8422876,,Fishing Vessel,,,UEZQ,273240900,1898.000,690,62.260,198411,9.220,"VEB Volkswerft Stralsund - Stralsund Yard/hull No.: 658, German Democratic Republic",Zapmorflot Co Ltd (OOO 'Zapmorflot'),Pionerskiy Ocean Fishing Marine Center (Pionerskaya Baza Okeanicheskogo Rybolovnogo Flota (BORF)),In Service/commission,,,,,,,,,,,,,,,2005-11-18 - 2006-10-17,,,,,,,,,,,,,
False,PARSIAN SHILA,Parsian Shila,9404285,,Fishing Vessel,Purse seine,Iran,9BKI,422573000,3296.000,0,95.700,200612,7.150,"Astilleros Armon Vigo S.A. - Vigo Yard/hull No.: 52, Spain",Salem Chabahar Products Food Co,Salem Chabahar Products Food Co,In Service/commission,2010-03-05 - 2011-03-22,Contravention of IOTC Resolution 07/02 and 09/03,,,,,,,,,,,,,,,,,,,,,,,,,,
True,PERLON,Perlon,5062479,,Fishing Vessel,,Unknown,5NTV21,,1185.000,0,66.730,195205,5.490,"Estaleiros Navais do Mondego S.A. - Figueira da Foz Yard/hull No.: 22, Portugal",Americagalicia S.A,Rptd Sold Undisclosed Interest,In Service/commission,,,,,,,,,2003-11-07 - ,Inside Division 58.5.1; 58.5.1; 58.4.2; 58.4.3b; 58.4.1; 58.4.3b; 58.4.1,2007-10-31 - ,,,,,,,,,,,,2014-05 - ,,,,,
False,PERMATA,Permata,,,,,"Unknown, Indonesia",,,,,,,,,,,,,,,,2005-12-26 - 2011-07-01,,,,,,,,,,,,,,,,,,,,,,,
False,PERMATA - 08,Permata 8,,92 NO. 1790/BC,Fishing Vessel,Longline,Indonesia,YEA5088,,92.000,,22.000,,,,"INTIMAS SURYA, PT.","INTIMAS SURYA, PT.",,,,2011-08-30 - 2012-06-21,,2005-12-26 - 2012-06-21,,,,,,,,,,,,,,,,,,,,,,,
False,PERMATA 01,Permata 1,,90 NO.1775/BC,,Longline,Indonesia,YEA5032,,90.000,,27.200,,,,"INTIMAS SURYA, PT.",AGUS CIK,,,,2011-08-30 - 2012-06-21,,2005-12-26 - 2012-06-21,,,,,,,,,,,,,,,,,,,,,,,
False,PERMATA 02,Permata 2,,106 NO. 1761/BC,Fishing Vessel,Longline,Indonesia,YEA5033,,106.000,,26.660,,,,"INTIMAS SURYA, PT.","INTIMAS SURYA, PT.",,,,2011-08-30 - 2012-06-21,,2005-12-26 - 2012-06-21,,,,,,,,,,,,,,,,,,,,,,,
False,PERMATA 102,Permata 102,,,,,Unknown,,,,,,,,,,,,,,,,2005-12-26 - 2011-07-01,,,,,,,,,,,,,,,,,,,,,,,
False,PERMATA 138,Permata 138,,,,,Unknown,,,,,,,,,,,,,,,,2005-12-26 - 2011-07-01,,,,,,,,,,,,,,,,,,,,,,,
False,PERMATA 6,Permata 6,,115 NO. 550/GA,Fishing Vessel,Longline,Indonesia,YEA5035,,115.000,,25.050,,,,"INTIMAS SURYA, PT.",Lamijan,,,,2011-08-30 - 2012-06-21,,2005-12-26 - 2012-06-21,,,,,,,,,,,,,,,,,,,,,,,
True,"PESCACISNE 1, PESCACISNE 2",Zemour 1,9319856,,Fishing Vessel,,,3CAF,514144000,1016.000,641,55.000,200406,4.100,"Armon S.A., Astilleros (Navia , Spain), Spain",Eastern Holdings Ltd,Eastern Holdings Ltd,In Service/commission,2015-05-01 - ,,2015-10-02 - ,Following IOTC,,,,,2008-11-07 - ,Supporting the IUU activities of IUU listed vessels,2008-11-08 - ,,2015-01-13 - ,IUU fishing,,,,,,,,,2014-05 - ,,,,,
True,PHOENIX,No. 2 Choyu,8429991,,Fishing Vessel,Longline,Seychelles,S7SK,,,0,53.500,198900,3.650,"Jong Shyn Shipbuilding Co., Ltd. - Kaohsiung, Chinese Taipei",HARVEST FISHERY LTD,,In Service/commission,,,2006-11-26 - ,Vessels greater than 24m not included in ICCAT Record of Vessels. Seen fishing in the MED during closed season,,,,,,,,,,,,,,,,,,,2014-05 - ,,,,,
False,PRIMERO VI,Primero VI,,,,,Belize,V3HC3,,79.000,,23.800,2000,2.000,Shing Sheng Fa Boatbuilding Co. Ltd,Primero Fishery Co. Ltd,,,,,,,2005-12-26 - 2006-06-30,,,,,,,,,,,,,,,,,,,,,,,
False,PRIMERO VIII,Primero VIII,,,,,Belize,V3TE6,,79.000,,23.800,2001,2.000,Shing Sheng Fa Boatbuilding Co. Ltd,Primero Fishery Co. Ltd,,,,,,,2005-12-26 - 2006-06-30,,,,,,,,,,,,,,,,,,,,,,,
False,PS REEFER,Senta,8221947,4723815,Cargo vessel,,Panama,,374083000,2047.000,2085,85.318,198209,5.520,"1982-09 Y.K. Tokai Zosensho - Tsukumi Yard/hull No.: 615, Japan",Pacsun Shipping SA,Pacsun Shipping SA,In Service/commission,,,,,,,2008-06-04 - 2012-03-30,Transhipping on the high seas of the WCPFC Convention Area without being on the WCPFC Record of Fishing,,,,,,,,,,,,,,,,,,,,
True,REYMAR 6,Reymar 6,,,,,Unknown,,,,,,,,,,,,,,2013-08-20 - ,from IATTC,2005-12-26 - ,,,,,,,,,,,,,,,,,,2014-05 - ,,,,,
False,ROBERTO,Eternal,8608470,,Cargo vessel,,Madagascar,,,571.000,319,48.010,198604,"3.150, 3.510","1986-04 Asahi Sangyo - Anan Yard/hull No.: 1906, Japan",Societe de Transport Maritime de L'Est (STME),Societe de Transport Maritime de L'Est (STME),Broken Up,,,,,,,,,2003-11-07 - 2005-11-04,Reported 58.4.2; Apprehended 58.5.1,,,,,,,,,,,,,,,,,,
False,ROSITA,Rosita,8522169,M-01036,Fishing Vessel,,Georgia,4LSL,,1898.000,690,62.260,198507,9.220,"VEB Volkswerft Stralsund - Stralsund Yard/hull No.: 682, German Democratic Republic",A B Bocyp Fishing Ltd,Northern Fishers Co (OOO 'Severnaya Rybolovetskaya Kompaniya'),Broken Up,,,,,,,,,,,2007-10-31 - 2009-11-13,,,,2004-04-18 - 2009-11-13,,2007-02-18 - 2009-11-13,,,,,,,,,,,
False,RWAD 1,Rwad 1,8655409,,Fishing Vessel,Longline,,,,547.000,0,52.900,199512,3.570,"Korea, North",Rwad Al Ibtkar Co LLC,"Eastward Exim & Fishing Pte. Ltd, Rwad Al Ibtkar Co LLC",In Service/commission,2010-03-05 - 2011-03-22,Contravention of IOTC Resolution 07/02 and 09/03,,,,,,,,,,,,,,,,,,,,,,,,,,
True,SACRED HEART,SACRED HEART,,IND-TN-MM-4814,Fishing Vessel,Lines unspecified,India,,,,,,,,,Metlan s/o Paniyadimai,,,2017-05 - ,Fishing without a license in the waters of the UK (OT),2017-07-15 - ,Following IOTC,,,,,,,,,,,,,,,,,,,,,,,,
True,SAMUDERA PASIFIC NO. 8,Samudera Pasific No. 8,7921162,,Fishing Vessel,Longline,,,,498.000,377,50.720,198001,3.660,"Niigata Shipbuilding and Repair, Niigata, Japan, Japan",Rptd Sold Undisclosed Interest,Rptd Sold Undisclosed Interest,In Service/commission,,,,,,,,,,,,,2014-01-21 - ,Absconded stateless fishing vessel,,,,,,,,,,,,,,
True,SAMUDERA PASIFIC NO.18,Samudera Pasifik No. 18,,505 No. 1064/Pd,Fishing Vessel,Longline,Indonesia,YGGY,,505.000,,49.300,,,,"BALI OCEAN ANUGRAH LINGER INDONESIA, PT","BALI OCEAN ANUGRAH LINGER INDONESIA, PT",,,,2013-11-25 - ,ICCAT Contravention of ICCAT Rec. 12-06,,,,,,,,,,,,,,,,,,,2014-05 - ,,,,,
True,SAMUDERA PERKASA 11,Samudera Perkasa 11,,,,,,,,,,,,,,,,,2015-05-01 - ,Operating in the IOTC area without authorisation,2015-10-02 - ,Following IOTC,,,,,,,,,,,,,,,,,,,,,,,,
True,SAMUDERA PERKASA 12,Samudera Perkasa 12,,,,,,,,,,,,,,,,,2015-05-01 - ,Operating in the IOTC area without authorisation,2015-10-02 - ,Following IOTC,,,,,,,,,,,,,,,,,,,,,,,,
False,SANT YAGO TRES,TS Excellence,8919427,CCP-3001-2014,Fishing Vessel,Purse seine,Guatemala,TGSY3,332001000,2109.000,1650,79.800,199109,8.900,"Huelva S.A., Astilleros De, Spain","Atunera Nacional, SA, Atunera Sant Yago SA","Atunera Nacional, SA",In Service/commission,2005-06-03 - 2006-05-26,Contravention of IOTC Resolution 02/04,,,,,,,,,,,,,,,,,,,,,,,,,,
False,SEA STAR V,Polestar,8914221,4833016,"Cargo vessel, Fish carrier",,Panama,3EYI5,372210000,4574.000,5470,120.202,199002,9.950,"Fukuoka Zosen K.K. - Fukuoka Yard/hull No.: 1154, Japan",Habitat International Corp. (FME),Shandong Zhonglu Fishery Shipping Co Ltd,In Service/commission,,,,,,,,,,,2007-10-31 - 2008-11-14,,,,2006-06-09 - 2008-10-29,090606 Sighted by ISL Transhipping 190706 OBS by ICG surveillance aircraft in RA. Transhipping with IUU vessels.,2006-12-04 - 2008-11-14,,,,,,,,,,,
True,SEA URCHIN,Aldabra,7424891,,Fishing Vessel,,Gambia,,,484.000,373,48.290,197400,3.510,"1974 Minami-Nippon Zosen K.K. - Kushikino Yard/hull No.: 220, Japan",Rptd Sold Undisclosed Interest,,In Service/commission,,,,,,,,,2007-11-02 - ,Fishing inside Division 58.4.4b,2007-11-02 - ,,,,,,,,,,,,2014-05 - ,,,,,
True,SHALOM,SHALOM,,INT-TN-15-MM-5269,Fishing Vessel,"Gillnets, Longline",India,,,,,,,,,,,,2017-05 - ,"Fishing without a license, use of prohibited gear and no logbook in the waters of the UK (OT)",2017-07-15 - ,Following IOTC,,,,,,,,,,,,,,,,,,,,,,,,
False,SHENG I TSAI 313,Sheng I Tsai 313,,,,,Unknown,V3VZ7,,97.000,,28.200,2002,2.100,"Jin Jiahn Lih Shipbuilding Co., Ltd.",,,,,,,,2005-12-26 - 2006-06-30,,,,,,,,,,,,,,,,,,,,,,,
True,SHENG JI QUN 3,SHENG JI QUN 3,,69 00 546 023,Fishing Vessel,Longline,,CPA311,,,,,,,,Chang Lin Pao-Chun,Chen Chen Tsai,,2017-05 - ,Contravention of IOTC Resolution 11/03,2017-07-15 - ,Following IOTC,,,,,,,,,2016-11-15 - ,Absconding to evade investigation and false registration,,,,,,,,,,,,,,
False,"SHIN YU 16, SHIN YEOU NO. 16",Shin Yeou No. 16,8431372,"011182, CT7-0157",Fishing Vessel,Longline,Taiwan,BEDE,,723.000,,56.150,198811,3.850,"Taiwan Machinery Manufacturing Corp. - Kaohsiung, Taiwan, Chinese Taipei","Shin Yeou Fishery Co., Ltd","Shin Yeou Fishery Co., Ltd",In Service/commission,,,2005-11-20 - 2006-11-26,,,,,,,,,,,,,,,,,,,,,,,,,
True,SHUEN SIANG,Shuen Siang,,,,,,,,,,,,,,,,,2014-06-05 - ,Operating in the IOTC area without authorisation,2015-10-02 - ,Following IOTC,,,,,,,,,,,,,,,,,,,,,,,,
True,SHUN CHANG NO. 3,No. 3 Choyu,8430550,"1300001990120001, (JI)CHUANDENG(JI)(2017)FT-200015",Fishing Vessel,Longline,China,BZTX3,412688710,700.000,0,49.400,199012,3.750,"Lien Ho Shipbuilding Company, Ltd., Chinese Taipei","CNFC OVERSEAS FISHERIES CO., LTD","CNFC OVERSEAS FISHERIES CO., LTD",In Service/Commission,,,2006-11-26 - ,Vessels greater than 24m not included in ICCAT Record of Vessels. Seen fishing in the MED during closed season,,,,,,,,,,,,,,,,,,,2014-05 - ,,,,,
True,SHUN LAI,SHUN LAI (HSIN JYI WANG NO. 6),,,,Unknown,,CPA514,,,,,,,,Lee Cheng Chung,Sun Han Min,,2017-05 - ,Contravention of IOTC Resolution 11/03,2017-07-15 - ,Following IOTC,,,,,,,,,,,,,,,,,,,,,,,,
False,SHUN SING NO. 1,Chin Jui Yng No. 11,8977558,,,Longline,Unknown,,,276.000,0,32.060,198400,2.530,"Higashi Kyushu Zosen K.K., Japan",Macalluns SA,Macalluns SA,In Service/commission,,,,,2005-12-26 - 2006-06-30,,,,,,,,,,,,,,,,,,,,,,,
True,SHYANG CHYANG NO. 889,Chia Hao No. 66,7825215,,,,Seychelles,S7UP,664641000,,0,53.680,197903,3.800,"Kanasashi Shipyard Co. Ltd., Japan","Wei Der Fishery Co Ltd, Sunshine Fishery Co. Ltd","Chang Fong Marine & Shipping Ltd, Sunshine Fishery Co. Ltd",In Service/commission,,,2011-08-30 - ,,2005-12-26 - ,,,,,,,,,,,,,,,,,,2014-05 - ,,,,,
False,SIBLEY,Sibley,7930034,35696PEXT1,Fishing Vessel,Longline,Panama,HO2894,,348.000,0,49.920,198005,3.660,"Niigata Shipbuilding & Repair Inc, Japan",Baypamar Fishing SA,Baypamar Fishing SA,Total Loss,,,,,,,,,2003-11-07 - 2010-11-01,,2007-10-31 - 2010,,,,,,,,,,,,,,,,,
True,SIN SHUN FA 6,Sin Shun Fa 6,,,,,,,,,,,,,,,,,2015-05-01 - ,Operating in the IOTC area without authorisation,2015-10-02 - ,Following IOTC,,,,,,,,,,,,,,,,,,,,,,,,
True,SIN SHUN FA 67,Sin Shun Fa 67,,,,,,,,,,,,,,,,,2015-05-01 - ,Operating in the IOTC area without authorisation,2015-10-02 - ,Following IOTC,,,,,,,,,,,,,,,,,,,,,,,,
True,SIN SHUN FA 8,Sin Shun Fa 8,,,,,,,,,,,,,,,,,2015-05-01 - ,Operating in the IOTC area without authorisation,2015-10-02 - ,Following IOTC,,,,,,,,,,,,,,,,,,,,,,,,
True,SIN SHUN FA 9,Sin Shun Fa 9,,,,,,,,,,,,,,,,,2015-05-01 - ,Operating in the IOTC area without authorisation,2015-10-02 - ,Following IOTC,,,,,,,,,,,,,,,,,,,,,,,,
True,SOUTHERN STAR 136,Southern Star 136,7378119,400450,Fishing Vessel,,St. Vincent and the Grenadines,,,318.000,432,51.210,197403,3.790,"Tokushima Zosen K.K. - Fukuoka Yard/hull No.: 1128, Japan",Kuo Jeng Marine Services Limited,,In Service/commission,,,2005-11-20 - ,fishing in Brazilian waters with no licence,,,,,,,,,,,,,,,,,,,2014-05 - ,,,,,
True,SRI FU FA 168,Sri Fu Fa 168,,,,,,,,,,,,,,,,,2014-06-05 - ,Operating in the IOTC area without authorisation,2015-10-02 - ,Following IOTC,,,,,,,,,,,,,,,,,,,,,,,,
True,SRI FU FA 18,Sri Fu Fa 18,,,,,,,,,,,,,,,,,2014-06-05 - ,Operating in the IOTC area without authorisation,2015-10-02 - ,Following IOTC,,,,,,,,,,,,,,,,,,,,,,,,
True,SRI FU FA 188,Sri Fu Fa 188,,,,,,,,,,,,,,,,,2014-06-05 - ,Operating in the IOTC area without authorisation,2015-10-02 - ,Following IOTC,,,,,,,,,,,,,,,,,,,,,,,,
True,SRI FU FA 189,Sri Fu Fa 189,,,,,,,,,,,,,,,,,2014-06-05 - ,Operating in the IOTC area without authorisation,2015-10-02 - ,Following IOTC,,,,,,,,,,,,,,,,,,,,,,,,
True,SRI FU FA 286,Sri Fu Fa 286,,,,,,,,,,,,,,,,,2014-06-05 - ,Operating in the IOTC area without authorisation,2015-10-02 - ,Following IOTC,,,,,,,,,,,,,,,,,,,,,,,,
True,SRI FU FA 67,Sri Fu Fa 67,,,,,,,,,,,,,,,,,2014-06-05 - ,Operating in the IOTC area without authorisation,2015-10-02 - ,Following IOTC,,,,,,,,,,,,,,,,,,,,,,,,
True,SRI FU FA 888,Sri Fu Fa 888,,,,,,,,,,,,,,,,,2014-06-05 - ,Operating in the IOTC area without authorisation,2015-10-02 - ,Following IOTC,,,,,,,,,,,,,,,,,,,,,,,,
True,STS-50,ANDREY DOLGOV,8514772,,,Longline,,5VDR2,,498.000,452,53.520,198510,3.760,"KK Kanasashi Zosen - Shizuoka SZ, Japan",Marine Fisheries Corporation Co Ltd,Poseidon Co Ltd,In Service/commission,,,,,,,,,2016-10-28 - ,Landing IUU catch,2016 - ,From CCAMLR,,,,,,,,,,,,,,,,
True,SUNGARI,Sungari,8916011,,,Longline,Unknown,,,495.000,450,"50.030, 43.700",198911,3.600,"Kanasashi - Zosen - Shizu, Japan",Farisel Corp Ltd,Farisel Corp Ltd,In Service/commission,,,,,,,,,,,,,2014-06-11 - ,Suspected IUU activity,,,,,,,,,,,,,,
False,SUNNY JANE,Sunny Jane,7347407,,Cargo vessel,,Unknown,V3KG2,,1327.000,1666,74.120,197406,6.560,"Uudenkaupungin Telakka Oy (Nystads Varv Ab) - Uusikaupunki Yard/hull No.: 275, Finland",Rptd Sold Undisclosed Interest,Rptd Sold Undisclosed Interest,Broken Up,,,,,,,,,,,2007-10-31 - 2011-04-04,,,,2004-07-01 - 2010-11-12,010704 OBS by ISL transhipping in the NEAFC Regulatory Area 270505 OBS by ISL Transhipping with and IUU Vessel,2007-02-18 - 2011-07-13,,,,,,,,,,,
True,TA FU NO. 1,Ta Fu 1,9259070,,Fishing Vessel,,Unknown,,,125.000,,25.800,200108,,"China, Province Of Taiwan, Builders Unk, Chinese Taipei",Ching Tsuen Tsay Kuo,Ching Tsuen Tsay Kuo,In Service/commission,,,2013-08-20 - ,,2005-12-26 - ,,,,,,,,,,,,,,,,,,2014-05 - ,,,,,
False,TARUMAN,Taruman,7235733,,Fishing Vessel,,North Korea,,,2169.000,,76.510,197301,8.160,"Aker Yards As Soviknes, Norway",Rulfend Corp SA,Manuel Barros Rivadulla,Broken Up,,,,,,,,,2005-11-04 - 2009-10-23,Fishing inside Subarea 88.1,2007-10-31 - 2009-10-23,,,,,,,,,,,,,,,,,
False,TARZAN 28,Tarzan 28,,,,,Nicaragua,,,90.000,,27.600,2002,2.000,Chien Renn Shipbuilding Co. Ltd,,Bluefin Todo De Belize Co. Ltd.,,,,,,2005-12-26 - 2006-06-30,,,,,,,,,,,,,,,,,,,,,,,
False,TARZAN III,Tarzan III,8994362,020310169,Fishing Vessel,Longline,Belize,V3OY2,312171000,105.000,,23.800,199801,3.250,"Tecnonaval S.A., Argentina",Wang Ming-Fa,Wang Ming-Fa,In Service/commission,,,,,2005-12-26 - 2006-06-30,,,,,,,,,,,,,,,,,,,,,,,
False,TARZAN VIII,Tarzan VIII,8994374,,Fishing Vessel,,Nicaragua,,,113.000,,23.100,199701,4.500,"Tecnonaval S.A., Argentina",Tankan Marine SA (TAMASA),Wang Ming-Fa,In Service/commission,,,,,2005-12-26 - 2006-06-30,,,,,,,,,,,,,,,,,,,,,,,
False,TARZAN XII,Tarzan XII,8994386,,Fishing Vessel,,,V3NU9,,113.000,,26.500,199701,4.500,"Tecnonaval S.A., Argentina","Hung Chuan Wang Shih / Astillero Mariscos del Pacífico SA, Tankan Marine SA (TAMASA), Wang Ming-Fa",Wang Ming-Fa,In Service/commission,,,,,2005-12-26 - 2006-06-30,,,,,,,,,,,,,,,,,,,,,,,
True,TAVRIDA,Aurora,9179359,,,Purse seine,Russia,UBRI6,273357170,707.000,600,47.450,,7.050,"Metz BV, Urk, NL, NETHERLANDS",LLC Interkronos,,Laid-Up,,,,,,,,,,,,,,,,,,,2015-02-06 - ,Fishing in the SPRFMO Convention Area without authorisation and prolonged presence in the SPRFMO area,,,,,,,,
True,TCHAW,Tchaw,6818930,,Fishing Vessel,,Unknown,,,729.000,800,53.000,196800,7.120,"Musel S.A., Maritima Del (Gijon , Spain), Spain",His-To Co Ltd,Jose Manuel Salgueiro,"Scrapped, Laid-Up",,,,,,,,,2005-11-04 - 2017,Inside Division 58.4.3b; Fishing inside Division 58.4.2; Inside Division 58.4.3b; 58.4.4a; Fishing inside Division 58.4.3b,2007-10-31 - 2018,,,,,,,,,,,,2014-05 - ,,,,,
True,TCHING YE NO. 6,Tching Ye No. 6,,,,,Unknown,V3GN,,11800.000,,2450.000,1997,325.000,Tecnonaval SA,Costado Este de UCR,,,,,2013-08-20 - ,,2009-06-06 - ,,,,,,,,,,,,,,,,,,2014-05 - ,,,,,
True,THUNDER,Thunder,6905408,,Fishing Vessel,,,5NTV,,1175.000,660,61.750,196903,7.010,"Hatlo Verksted As, Norway",Royal Marine and Spares Nigeria Ltd,Rptd Sold Undisclosed Interest,Total Loss,,,,,,,,,2006-11-03 - 2015-10,,2007-10-31 - 2015-12,,2013-12-05 - ,Illegal fishing,,,,,,,,,,,,,,
True,TIAN LUNG NO. 12,Tian Lung No. 12,,,,,,,,,,,,,,,,,2015-05-01 - ,Operating in the IOTC area without authorisation,2015-10-02 - ,Following IOTC,,,,,,,,,,,,,,,,,,,,,,,,
False,TIANTAI,Tiantai,7905039,,Cargo vessel,,Unknown,,,1884.000,2144,75.390,198003,7.270,Denmark,Rptd Sold Undisclosed Interest,Rptd Sold Undisclosed Interest,Total Loss,,,,,,,,,2012-11-15 - 2014-10-20,Inside Division 58.4.1,2012-11-15 - 2014-10-20,Adopted from CCAMLR,,,,,,,,,,,,,,,,
True,TRINITY,Trinity,7321374,,Fishing Vessel,,Unknown,,,337.000,159,36.940,197300,3.920,"Construcciones Navales P. Freire S.A. - Vigo Yard/hull No.: 78, Spain",Fairmat GH - Holiday Fishing Ghana,,In Service/commission,,,,,,,,,,,2007-10-31 - ,,,,2004-09-13 - ,OBS with Panamanian Flag. OBS by GBR FIS in RA,2007-02-18 - ,Following NEAFC,,,,,2014-05 - ,,,,,
False,ULLA,Ulla,8606836,C-00971,Fishing Vessel,,Georgia,4LLA,,1895.000,690,62.250,198607,9.200,"VEB Volkswerft Stralsund - Stralsund Yard/hull No.: 715, German Democratic Republic",,,Broken Up,,,,,,,,,,,2007-10-31 - 2009-11-13,,,,2004-04-01 - 2009-11-13,,2006-09-22 - 2009-11-13,NAFO Div. 1F,,,,,,,,,,
True,VACHANAM,VACHANAM,,TN2/FV/01256/12dt,Fishing Vessel,"Longline, Gillnets",India,,,,,,,,,Satrin T,,,2017-05 - ,Fishing without a license and use of prohibited gear in the waters of the UK (OT),2017-07-15 - ,Following IOTC,,,,,,,,,,,,,,,,,,,,,,,,
True,VEDRA,Acros No. 3,7717913,L-0326796,Fishing Vessel,,Honduras,HQTK9,,551.000,359,50.040,197710,3.650,"Goriki Zosensho (Ise, Mie, Japan), Japan",Pesqueras Inversiones  SA,Pesqueras Inversiones  SA,Scuttled,,,2006-11-26 - ,Vessels greater than 24m not included in ICCAT Record of Vessels. Seen fishing in the MED during closed season,,,,,,,,,,,,,,,,,,,2014-05 - ,,,,,
False,VIARSA I,Viarsa I,8001335,,Fishing Vessel,,,,,678.000,433,53.560,198004,3.710,"Goriki Zosensho, Japan",Viarsa Fishing Co Inc,Navalmar SA,Broken Up,,,,,,,,,2003-11-07 - 2008-11-07,Apprehended 58.5.2; Sighted inside Division 58.5.1,2007-10-31 - 2008-11-07,,,,,,,,,,,,,,,,,
False,VICENTE,Athena F,9130781,P-04-01010,Fishing Vessel,Purse seine,,HC6037,,3708.000,3709,107.500,1996,10.080,"Group Tomas A. Alonso 100, Apartado 35, 36208 Vigo (Pontevedra), H. J. Barreras, Spain",Productora Nacional Atunera Ecuatoriana ProatunaSA,Advance Solution Services Ltd,In Service/commission,,,,,,,2007-12-07 - 2008-12-12,,,,,,,,,,,,,,,,,,,,,
True,VIKING,Viking,8713392,,Fishing Vessel,,Unknown,,,1322.000,,70.110,198712,6.810,"1987-12 Narasaki Zosen KK - Muroran HK Yard/hull No.: 1102, Japan",Betex Limited,Rptd Sold Undisclosed Interest,Scuttled,,,,,,,,,2004 - 2016-10-28,Assisting IUU operations of Thule,2007 - ,,2013-09-06 - ,Illegal fishing,,,,,,,,,2014-05 - ,,,,,
True,VIRILE,Melilla No. 101,7920182,,Fishing Vessel,Longline,Togo,5VDM6,671624000,,385,50.150,198005,3.570,"Miho Zosensho K.K. - Shimizu Yard/hull No.: 1146, Japan",North Cargo Service SA,North Cargo Service SA,In Service/commission,,,2006-11-26 - ,Vessels greater than 24m not included in ICCAT Record of Vessels. Seen fishing in the MED during closed season,,,,,,,,,,,,,,,,,,,2014-05 - ,,,,,
False,WAN FENG,Wan Feng,,,,,Papua New Guinea,,,,,,,,,Coco Enterprises,Sunrise International,,2005-06-03 - 2008-06-11,Contravention of IOTC Resolution 02/04,,,,,,,,,,,,,,,,,,,,,,,,,,
False,WANG JIA MEN 89,Dragon 16,,,,,Unknown,,,99.000,,29.300,2000,2.000,Chien Renn Shipbuilding Co. Ltd,Bluefin Todo De Belize Co. Ltd.,IMPERIO PESQUERO DEL PACÍFICO S.A.,,,,,,2005-12-26 - 2006-06-30,,,,,,,,,,,,,,,,,,,,,,,
False,WANG JIA MEN 99,Wang Jia Men 99,9257163,280110087,Fishing Vessel,Longline,Belize,V3LV,,140.000,,29.800,200109,2.150,"Jin Jiahn Lih Shipbuilding Co., Ltd., Chinese Taipei",Captura Todo de Belize Co Ltd,Captura Todo de Belize Co Ltd,Total Loss,,,,,2005-12-26 - 2006-06-30,,,,,,,,,,,,,,,,,,,,,,,
False,"WANG JIA MEN NO. 88, WANG JIA MEN 88",Wan Jia Men No. 88,,,Fishing Vessel,Longline,Unknown,,,99.000,,29.300,2000,2.000,Chien Renn Shipbuilding Co. Ltd,Captura Todo de Belize Co Ltd,IMPERIO PESQUERO DEL PACÍFICO S.A.,,,,,,2005-12-26 - 2006-06-30,,,,,,,,,,,,,,,,,,,,,,,
True,WEN TENG NO. 688,Wen Teng No. 688,8994295,,Fishing Vessel,,Unknown,,,119.000,,25.800,200101,2.200,"Lien Fong Shipbuilding Co., Ltd., Chinese Taipei",Kee Yu Pao,Kee Yu Pao,In Service/commission,,,2013-08-20 - ,,2005-12-26 - ,,,,,,,,,,,,,,,,,,2014-05 - ,,,,,
False,WEST OCEAN,West Ocean,9230672,,Fishing Vessel,,China,BZTX8,,647.000,,54.550,200103,3.650,"Lien Cherng Shipbuilding Co., Ltd. (Kaohsiung , China, Republic Of (Taiwan))",CHINA NATIONAL FISHERIES CORPORATION,CHINA NATIONAL FISHERIES CORPORATION,In Service/commission,,,,,,,,,2006-11-03 - 2011-11-01,,2007-10-31 - 2011,,,,,,,,,,,,,,,,,
True,WISDOM,WISDOM,,IND-TN-15-MM-395,Fishing Vessel,"Gillnets, Handline",India,,,,,,,,,Lowerence,,,2017-05 - ,Fishing without a license and use of prohibited gear in the waters of the UK (OT),2017-07-15 - ,Following IOTC,,,,,,,,,,,,,,,,,,,,,,,,
True,XIN SHI JI 16,Xin Shi Ji 16,9627253,"000820, 001427",Fishing Vessel,Longline,Fiji,3DTN,,198.000,,39.600,201011,3.600,"Huanghai Shipbuilding Co. Ltd, China, People's Republic Of, China",Xin Shi Ji Fisheries Limited,Xin Shi Ji Fisheries Limited,In Service/commission,,,2014-08-12 - ,From IATTC,2014-07-18 - ,Operating in the IATTC area without authorisation,,,,,,,,,,,,,,,,,,,,,,
True,XING HAI FENG,Ocean Lion,7826233,,Fishing Vessel,,Panama,3FHW5,,2657.000,1741,85.000,198003,9.200,"Stocznia Polnocna SA (Northern Shipyard), Poland",Ocean Lion Shipping SA,Ocean Lion Shipping SA,In Service/commission,2005-06-03 - ,"Contravention of IOTC Resolution 02/04, 02/05, 03/05",2009 - ,"IOTC. Contravention of IOTC Resolutions 02/04, 02/05 and 03/05",,,,,,,,,,,,,,,,,,,2014-05 - ,,,,,
True,YI HONG 3,Yi Hong 3,,,,,,,,,,,,,,,,,2015-05-01 - ,Operating in the IOTC area without authorisation,2015-10-02 - ,Following IOTC,,,,,,,,,,,,,,,,,,,,,,,,
True,YU FONG 168,Yu Fong 168,,,,,Taiwan,BJ4786,,,,,,,,Chang Lin Pao-Chun,,,2015-05-01 - ,Operating in the IOTC area without authorisation,2013-03-14 - ,FOLLOWING WCPFC,,,2009-07-01 - ,"Fishing in the Exclusive Economic Zone of the Republic of the Marshall Islands without permission and in contravention of Republic of the Marshall Islands’s laws and regulations. (CMM 2007-03, para 3b)",,,,,,,,,,,,,,,2014-05 - ,,,,,
False,YU FU 11,Yu Fu 11,,,,,Papua New Guinea,,,,,,,,,Coco Enterprises,Sunrise International,,2005-06-03 - 2008-06-11,Contravention of IOTC Resolution 02/04,,,,,,,,,,,,,,,,,,,,,,,,,,
False,YU LONG,Yu Long,9257151,P-04-00959,Fishing Vessel,Longline,Ecuador,HC5585,,125.000,,29.700,2001,2.150,"Jin Jiahn Lih Shipbuilding Company, Ltd., Chinese Taipei",Tankan S.A.,,In Service/commission,,,,,2005-12-26 - 2006-06-30,,,,,,,,,,,,,,,,,,,,,,,
False,YU LONG 125,Yu Long 125,8995445,,Fishing Vessel,Longline,Thailand,HSN5660,,125.000,,29.700,200201,2.150,"Jin Jiahn Lih Shipbuilding Co., Ltd., Chinese Taipei",Shealth Services (Thailand) Co Ltd,Shealth Services (Thailand) Co Ltd,In Service/commission,,,,,2005-12-26 - 2006-06-30,,,,,,,,,,,,,,,,,,,,,,,
False,"YU LONG 35, YU LONG NO. 35",Yu Long 35,2700666,280210131,Fishing Vessel,Longline,Belize,V3YE4,,55.000,,18.300,200204,1.700,"Jin Jiahn Lih Shipbuilding Co., Ltd., Chinese Taipei",Pesca Tuna SA,Pesca Tuna SA,In Service/Commission,,,,,2005-12-26 - 2006-06-30,,,,,,,,,,,,,,,,,,,,,,,
False,YU LONG 6,Yu Long No. 6,9265550,,Fishing Vessel,Longline,Thailand,HSN5659,,,,29.700,200201,2.150,"Jin Jiahn Lih Shipbuilding Co., Ltd., Chinese Taipei",Shealth Services (Thailand) Co Ltd,Shealth Services (Thailand) Co Ltd,In Service/commission,,,,,2005-12-26 - 2006-06-30,,,,,,,,,,,,,,,,,,,,,,,
False,YU LONG 66,Yu Long 66,8673023,20210154,Fishing Vessel,Longline,Belize,V3ZS6,,128.000,0,28.400,"2000, 200001, 1999",3.500,"Tecnonaval SA, Chinese Taipei",Transportes El Pescador SA,Pesca Tuna SA,Total Loss,,,,,2005-12-26 - 2006-06-30,,,,,,,,,,,,,,,,,,,,,,,
False,YU LONG 70,Yu Long 70,8673035,,Fishing Vessel,,Costa Rica,,,101.000,,27.200,199801,3.500,"Tecnonaval SA, Chinese Taipei",Hung Chuan Wang Shih / Comercializadora El Pez Dorado del Mar SA,Pesca Tuna SA,In Service/Commission,,,,,2005-12-26 - 2006-06-30,,,,,,,,,,,,,,,,,,,,,,,
False,YU LONG 88,Yu Long 88,,,,,Belize,V3ZT6,,76.000,,26.500,2000,3.500,"Jin Jiahn Lih Shipbuilding Co., Ltd.",,Pesca Tuna SA,,,,,,2005-12-26 - 2006-06-30,,,,,,,,,,,,,,,,,,,,,,,
False,YU LONG NO. 10,Yu Long No. 10,9265562,,Fishing Vessel,,Unknown,V3TK6,,125.000,,25.800,200201,2.150,"Jin Jianh Lih Shipbuilding Co. Ltd., Chinese Taipei",Yu Long Fishery Co Ltd,Yu Long Fishery Co Ltd,In Service/commission,,,,,2005-12-26 - 2006-06-30,,,,,,,,,,,,,,,,,,,,,,,
False,YU LONG NO. 12,Tarzan 18,,,Fishing Vessel,Longline,Unknown,,,99.000,,29.300,2001,2.000,Chien Renn Shipbuilding Co. Ltd,Yu Long Fishery Co Ltd,Yu Long Fishery Co Ltd,,,,,,2005-12-26 - 2006-06-30,,,,,,,,,,,,,,,,,,,,,,,
False,YU LONG NO. 26,Yu Long 26,2699817,280210123,Fishing Vessel,Longline,Belize,V3WL7,,55.000,,22.100,200209,1.700,"Jin Jiahn Lih Shipbuilding Co., Ltd., Chinese Taipei",Pesca Tuna SA,Pesca Tuna SA,In Service/Commission,,,,,2005-12-26 - 2006-06-30,,,,,,,,,,,,,,,,,,,,,,,
True,YU MAAN WON,Yu Maan Won,,,,,Unknown,,,,,,,,,,,,2007-05-18 - ,IOTC Contravention of IOTC Resolution 07/02,2009 - ,,,,,,,,,,,,,,,,,,,,2014-05 - ,,,,,
True,YUTUNA NO. 1,YUTUNA NO. 1,,69 00 4 40 166,Fishing Vessel,Longline,,CPA302,,,,,,,,Tseng Ming Tsai,Yen Shih Hsiung,,2017-05 - ,Contravention of IOTC Resolution 11/03,2017-07-15 - ,Following IOTC,,,,,,,,,2016-10-23 - ,Absconding to evade investigation and false registration,,,,,,,,,,,,,,
True,YUTUNA NO. 3,YUTUNA 3 (HUNG SHENG NO. 166),,,Fishing Vessel,Longline,,CPA212,,,,,,,,Yen Shih Hsiung,Lee Shih Yuan,,2017-05 - ,Contravention of IOTC Resolution 11/03,2017-07-15 - ,Following IOTC,,,,,,,,,,,,,,,,,,,,,,,,
True,ZHE LING YU LENG 90055,,,,Fish carrier,,,,,,,,,,,,,,,,,,,,,,,,,,,,,,,,,,,,,,2017-07 - ,,,
True,ZHE LING YU LENG 905,,,,Fish carrier,,,,,,,,,,,,,,,,,,,,,,,,,,,,,,,,,,,,,,2017-07 - ,,,
False,ZHOU YU 625,Zhou Yu 625,8982917,,Fishing Vessel,,Unknown,,,195.000,,36.400,198200,3.700,"Ningbo Fishing Vessel Shipyard, China, People's Republic Of",Chen Cailong,Chen Cailong,In Service/commission,,,,,2005-12-26 - 2006-06-30,,,,,,,,,,,,,,,,,,,,,,,
False,ZHOU YU 632,Zhou Yu 632,8982955,,Fishing Vessel,,Unknown,,,195.000,,36.400,198100,3.700,"Ningbo Fishing Vessel Shipyard, China, People's Republic Of",Chen Cailong,Chen Cailong,In Service/commission,,,,,2005-12-26 - 2006-06-30,,,,,,,,,,,,,,,,,,,,,,,
False,ZHOU YU 641,Zhou Yu 641,8833659,,Fishing Vessel,,Unknown,,,195.000,103,41.000,198300,3.700,"Yantai Fishing Vessel Shipyard, China, People's Republic Of",Chen Cailong,Chen Cailong,In Service/commission,,,,,2005-12-26 - 2006-06-30,,,,,,,,,,,,,,,,,,,,,,,
False,ZHOU YU 642,Zhou Yu 642,8833661,,Fishing Vessel,,Unknown,,,195.000,103,41.000,198300,3.700,"Yantai Fishing Vessel Shipyard, China, People's Republic Of",Chen Cailong,Chen Cailong,In Service/commission,,,,,2005-12-26 - 2006-06-30,,,,,,,,,,,,,,,,,,,,,,,
True,ZHOU YU 651,,,,Fishing Vessel,Lift nets,,,,,,,,,,,,,,,,,,,,,,,,,,,,,,,,,,,,,2017-07 - ,,,
True,ZHOU YU 652,,,,Fishing Vessel,Lift nets,,,,,,,,,,,,,,,,,,,,,,,,,,,,,,,,,,,,,2017-07 - ,,,
True,ZHOU YU 653,,,,Fishing Vessel,Lift nets,,,,,,,,,,,,,,,,,,,,,,,,,,,,,,,,,,,,,2017-07 - ,,,
True,ZHOU YU 656,,,,Fishing Vessel,Lift nets,,,,,,,,,,,,,,,,,,,,,,,,,,,,,,,,,,,,,2017-07 - ,,,
True,ZHOU YU 657,,,,Fishing Vessel,Lift nets,China,,,,,,,,,,,,,,,,,,,,,,,,,,,,,,,,,,,,2017-07 - ,,,
True,ZHOU YU 658,,,,Fishing Vessel,Lift nets,,,,,,,,,,,,,,,,,,,,,,,,,,,,,,,,,,,,,2017-07 - ,,,
True,ZHOU YU 659,,,,Fishing Vessel,Lift nets,,,,,,,,,,,,,,,,,,,,,,,,,,,,,,,,,,,,,2017-07 - ,,,
True,ZHOU YU 660,,,,,Lift nets,,,,,,,,,,,,,,,,,,,,,,,,,,,,,,,,,,,,,2017-07 - ,,,
True,ZHOU YU 661,,,,Fishing Vessel,Lift nets,,,,,,,,,,,,,,,,,,,,,,,,,,,,,,,,,,,,,2017-07 - ,,,
True,"??705, HAI DA 705",,,,Fishing Vessel,Driftnets,,,,,,,,,,,,,,,,,,,,,,,,,,,,,,,,,,,,,2017-07 - ,,,
